"","originalindex","obsexp","positionindex","kmerindex"
"1",2044,6.58291453850422,70,"AAAACCC"
"2",4347,6.05334797049139,23,"AAAAGTG"
"3",4374,6.16365880590296,50,"AAAAGTG"
"4",4555,7.08242990616728,43,"AAAATAA"
"5",4614,6.39445282131523,8,"AAAATAC"
"6",5126,6.29323988980233,50,"AAAATCG"
"7",5193,6.43509480581258,23,"AAAATCT"
"8",5238,6.20728063421557,68,"AAAATCT"
"9",5441,7.49377287717504,83,"AAAATGC"
"10",5699,6.61657315968086,59,"AAAATTA"
"11",6119,6.75593088253381,9,"AAACAAC"
"12",6442,6.88786155339034,50,"AAACACA"
"13",7174,6.76108394427937,30,"AAACATA"
"14",7182,6.03936612920471,38,"AAACATA"
"15",7187,6.7992674121695,43,"AAACATA"
"16",7706,6.06084607456701,92,"AAACCAC"
"17",7834,6.07712183723539,32,"AAACCAT"
"18",8175,8.94966827390263,91,"AAACCCG"
"19",9474,6.26516980437027,74,"AAACGCA"
"20",9553,6.20294398827266,59,"AAACGCC"
"21",10876,6.03906991532198,66,"AAACTAT"
"22",10926,6.53003619101329,22,"AAACTCA"
"23",10991,6.2589273433335,87,"AAACTCA"
"24",12031,7.45692811448323,93,"AAACTTT"
"25",15036,6.89895666725734,90,"AAAGCTT"
"26",15353,7.61647888580603,31,"AAAGGAT"
"27",16477,6.24109787067186,27,"AAAGGTT"
"28",18217,6.49717213698567,75,"AAATAAC"
"29",18454,6.43509480581258,30,"AAATACA"
"30",20758,6.3241234780962,78,"AAATCTA"
"31",21510,7.06026271782472,78,"AAATGCA"
"32",21762,7.49377287717504,48,"AAATGCT"
"33",22083,6.14526744075527,87,"AAATGGG"
"34",22795,6.42139308841354,47,"AAATTAG"
"35",22826,6.42842993475304,78,"AAATTAG"
"36",24475,6.56075081126648,35,"AACAACA"
"37",24559,7.03662081801593,25,"AACAACC"
"38",25768,6.25645595633186,12,"AACACAG"
"39",27260,6.25161455070208,0,"AACAGAC"
"40",27310,6.12286080950742,50,"AACAGAG"
"41",27320,6.21153711132674,60,"AACAGAG"
"42",27375,7.74312686711974,21,"AACAGAT"
"43",28643,7.40429006806586,67,"AACATAA"
"44",28696,6.03936612920471,26,"AACATAC"
"45",28726,6.01733982287471,56,"AACATAC"
"46",28748,6.05717978127159,78,"AACATAC"
"47",31737,7.04335152152184,59,"AACCCAC"
"48",32700,8.23422291330887,82,"AACCCGT"
"49",32861,6.18863045077773,55,"AACCCTC"
"50",32982,6.76108394427937,82,"AACCCTG"
"51",33072,6.06657847927384,78,"AACCCTT"
"52",33139,6.5324808714746,51,"AACCGAA"
"53",34193,6.07252472642787,71,"AACCGGT"
"54",37142,6.20547898159759,12,"AACGAGT"
"55",37894,7.65017443451761,12,"AACGCAT"
"56",40097,6.48704791971196,53,"AACGGGG"
"57",41048,6.37714565098551,64,"AACGTCA"
"58",41363,6.07561825157181,3,"AACGTGA"
"59",42027,6.24967198997021,9,"AACGTTT"
"60",43759,6.46652276274186,49,"AACTCAC"
"61",43961,7.25972509402407,63,"AACTCAT"
"62",44771,6.01579951113798,27,"AACTCTA"
"63",45028,6.20381619371509,2,"AACTCTT"
"64",48880,8.28337056263795,0,"AAGAACT"
"65",49035,6.62953422988587,61,"AAGAAGC"
"66",49084,6.31477926735726,16,"AAGAAGG"
"67",49502,6.57232572225283,58,"AAGAATG"
"68",49523,6.57687499083306,79,"AAGAATG"
"69",50006,7.3769300332944,92,"AAGACAT"
"70",50365,6.05717978127159,75,"AAGACCT"
"71",50634,7.14832696048963,62,"AAGACGG"
"72",50763,6.07561825157181,3,"AAGACTA"
"73",53270,7.51563231113878,66,"AAGATCG"
"74",53526,6.28564933028157,40,"AAGATGC"
"75",53766,6.53195634506517,92,"AAGATGT"
"76",54278,6.61009699514227,40,"AAGCAAC"
"77",54851,6.46719553564263,49,"AAGCACT"
"78",56646,6.31690512539007,58,"AAGCCGG"
"79",60345,6.03090640352818,91,"AAGGAAC"
"80",61155,7.29769294422309,55,"AAGGAGG"
"81",64395,6.01579951113798,5,"AAGGGTC"
"82",64448,8.28750633720716,58,"AAGGGTC"
"83",65067,6.66511242326919,19,"AAGGTCA"
"84",65158,6.42126654606283,16,"AAGGTCC"
"85",65264,6.35211541863023,28,"AAGGTCG"
"86",65621,6.88889790598101,9,"AAGGTGG"
"87",66936,6.49345072857122,8,"AAGTAGA"
"88",67018,7.19272107984809,90,"AAGTAGA"
"89",67606,6.53195634506517,20,"AAGTATT"
"90",68952,7.26008718941377,50,"AAGTCTC"
"91",70385,6.03819667790402,73,"AAGTGTA"
"92",70942,6.41878473940928,66,"AAGTTAG"
"93",71462,7.77540030492792,22,"AAGTTGA"
"94",71947,6.27201546437531,37,"AAGTTTC"
"95",71978,6.77892718183718,68,"AAGTTTC"
"96",75089,6.09046925901425,77,"AATACTG"
"97",75442,6.37381290697002,54,"AATAGAG"
"98",77353,6.14774924740882,85,"AATATCG"
"99",77539,6.06065374692224,83,"AATATGA"
"100",77567,8.82776580985154,17,"AATATGC"
"101",80043,6.71137321899857,49,"AATCCAT"
"102",80405,6.53810938994347,35,"AATCCCT"
"103",80779,7.3039248979346,33,"AATCCGT"
"104",80832,6.35737114408173,86,"AATCCGT"
"105",82258,7.50474399499604,8,"AATCGGT"
"106",82774,6.27424436931984,54,"AATCTAA"
"107",87158,6.41878473940928,20,"AATGCTT"
"108",87517,6.49345072857122,3,"AATGGAT"
"109",87846,7.83026223996243,50,"AATGGCG"
"110",89238,7.75285773627683,32,"AATGTCC"
"111",90200,6.39625447393322,54,"AATGTTT"
"112",90795,6.60842446731406,85,"AATTACC"
"113",91179,6.07683539310799,93,"AATTAGC"
"114",91304,6.01766909674474,30,"AATTAGT"
"115",92241,6.69934635318255,27,"AATTCCC"
"116",93505,6.008214302441,69,"AATTGAG"
"117",93737,7.47567608291763,19,"AATTGCC"
"118",93951,6.89488000571007,45,"AATTGCT"
"119",95584,7.15421546335414,80,"AATTTGA"
"120",96419,6.27703226435379,69,"ACAAAAC"
"121",96956,6.05702151348959,42,"ACAAACT"
"122",97163,6.11836924477852,61,"ACAAAGC"
"123",97273,8.40434918108779,77,"ACAAAGG"
"124",98654,6.61029357245186,48,"ACAACGC"
"125",99656,7.3769300332944,16,"ACAAGCA"
"126",101720,6.20394411137623,12,"ACAATGG"
"127",102678,6.03039227503949,30,"ACACACA"
"128",103430,6.10420606541231,30,"ACACATA"
"129",103710,6.00374724013044,28,"ACACATT"
"130",103807,7.69172432498248,31,"ACACCAA"
"131",105622,7.81945548500585,60,"ACACGAT"
"132",106820,6.11744337219576,36,"ACACTAA"
"133",107148,6.19214336676727,82,"ACACTAT"
"134",109889,6.10233647980555,3,"ACAGCAC"
"135",110121,6.27703226435379,47,"ACAGCAT"
"136",110563,8.28130010129127,19,"ACAGCGA"
"137",110564,6.3821534349736,20,"ACAGCGA"
"138",111190,7.75285773627683,82,"ACAGCTG"
"139",112803,7.49352408425055,3,"ACAGTAA"
"140",113657,6.4636833204702,11,"ACAGTGC"
"141",115982,6.31262344346308,80,"ACATCAC"
"142",116088,6.49345072857122,92,"ACATCAG"
"143",117077,7.86970058015746,47,"ACATCTC"
"144",119814,6.13277521760909,58,"ACATTGG"
"145",119817,6.10875533399254,61,"ACATTGG"
"146",119926,6.00374724013044,76,"ACATTGT"
"147",120094,8.04681596202232,56,"ACATTTC"
"148",120316,6.95903539208681,90,"ACATTTT"
"149",120614,6.28773500556167,12,"ACCAAAT"
"150",122603,6.01598630220893,27,"ACCACGA"
"151",123532,7.48164998396226,16,"ACCAGAG"
"152",125614,6.2717241954219,30,"ACCATGA"
"153",126947,6.29213933365274,47,"ACCCACG"
"154",127574,7.81945548500585,16,"ACCCATC"
"155",128259,6.10233647980555,43,"ACCCCCA"
"156",128352,6.10982134399568,42,"ACCCCCC"
"157",129187,6.29070720125086,31,"ACCCCTG"
"158",130955,7.68651217071404,13,"ACCCTAC"
"159",131078,6.37840481711221,42,"ACCCTAG"
"160",133461,7.93629832888649,75,"ACCGAGT"
"161",133680,6.93816722128928,12,"ACCGATG"
"162",136201,6.21917932368619,89,"ACCGGGA"
"163",136248,6.21073094104842,42,"ACCGGGC"
"164",136310,8.05738520373251,10,"ACCGGGG"
"165",136478,6.28128121565935,84,"ACCGGGT"
"166",136575,6.62461012912394,87,"ACCGGTA"
"167",136669,6.4745917013199,87,"ACCGGTC"
"168",136998,6.54553276302932,40,"ACCGTAC"
"169",137197,6.56558172440823,51,"ACCGTAT"
"170",138390,6.3187619011823,22,"ACCTAAA"
"171",138566,6.45120621710166,10,"ACCTAAG"
"172",139916,6.26322646482876,44,"ACCTCAA"
"173",140546,6.12315079949784,16,"ACCTCCT"
"174",140625,7.8810158933853,1,"ACCTCGA"
"175",141502,6.29933545682615,32,"ACCTGAC"
"176",141998,6.12286080950742,58,"ACCTGCG"
"177",146346,6.01598630220893,82,"ACGACCA"
"178",146987,7.92572416683613,65,"ACGACGT"
"179",147480,6.27168619050528,88,"ACGAGAA"
"180",149845,6.09046925901425,9,"ACGATGG"
"181",151587,6.03910614480907,59,"ACGCATA"
"182",151830,6.3241234780962,20,"ACGCATT"
"183",152021,7.43096987300729,23,"ACGCCAC"
"184",152582,6.96814451583629,20,"ACGCCCT"
"185",152694,6.28128121565935,38,"ACGCCGA"
"186",152897,7.44903456240976,53,"ACGCCGG"
"187",154774,6.54553276302932,50,"ACGCGTG"
"188",157009,7.94710508384307,29,"ACGGACG"
"189",157886,7.55401331030431,60,"ACGGATT"
"190",158447,6.1885380154421,57,"ACGGCCC"
"191",159397,6.13282914608957,67,"ACGGCTT"
"192",160342,6.3187619011823,72,"ACGGGGC"
"193",161963,8.0814848473959,1,"ACGGTGT"
"194",162130,6.01210056294825,74,"ACGGTTA"
"195",162492,6.1235169252765,60,"ACGTAAA"
"196",163936,6.15484334662465,0,"ACGTATT"
"197",165714,7.43096987300729,86,"ACGTGAG"
"198",166229,6.40457784944231,37,"ACGTGGA"
"199",166867,6.2316852117499,17,"ACGTGTT"
"200",168966,6.16078959377868,48,"ACTAACC"
"201",169218,7.46034987563759,18,"ACTAAGA"
"202",169281,7.51563231113878,81,"ACTAAGA"
"203",169510,6.05656941329647,28,"ACTAAGT"
"204",171334,6.00374724013044,66,"ACTACTG"
"205",172715,8.02080751314692,37,"ACTAGTC"
"206",172716,6.21227145493125,38,"ACTAGTC"
"207",172789,7.16882518791132,17,"ACTAGTG"
"208",173381,6.12894340682888,45,"ACTATCA"
"209",173393,6.16641811224754,57,"ACTATCA"
"210",174270,6.32762450125757,88,"ACTATTC"
"211",174831,6.46652276274186,85,"ACTCAAT"
"212",176726,6.57152797156226,6,"ACTCCGA"
"213",178514,6.28773500556167,8,"ACTCGGT"
"214",178595,6.38808620133164,89,"ACTCGGT"
"215",178847,6.1492528330724,59,"ACTCGTG"
"216",180438,6.01306316160417,52,"ACTCTTT"
"217",180607,6.56538514709865,33,"ACTGAAC"
"218",181078,6.15086195381456,34,"ACTGACG"
"219",182613,6.85829581688521,65,"ACTGCCG"
"220",182956,7.18312510927174,32,"ACTGCGG"
"221",183251,7.2811538880142,45,"ACTGCTC"
"222",185350,7.80019987852221,76,"ACTGTAT"
"223",185602,7.51563231113878,46,"ACTGTCG"
"224",185619,6.12894340682888,63,"ACTGTCG"
"225",187718,8.05738520373251,0,"ACTTATA"
"226",189173,6.01487382267675,45,"ACTTCTA"
"227",189765,6.40457784944231,73,"ACTTGAG"
"228",189777,6.49572573750051,85,"ACTTGAG"
"229",190091,6.92559506295999,23,"ACTTGCG"
"230",191100,6.19107300876702,92,"ACTTTAA"
"231",192332,6.1588975479472,8,"ACTTTTG"
"232",197462,6.6289092506192,62,"AGAATCA"
"233",198140,6.44854230321801,82,"AGAATGT"
"234",199635,6.34974097327161,73,"AGACAGT"
"235",200024,6.05955420204106,86,"AGACATT"
"236",200726,7.48271768866604,36,"AGACCCT"
"237",201734,7.69875461496267,10,"AGACGAG"
"238",202003,6.52487208316002,91,"AGACGCA"
"239",202014,6.12927812221429,8,"AGACGCC"
"240",203050,6.19396468111602,10,"AGACTAA"
"241",203305,6.52429437007921,77,"AGACTAG"
"242",204102,6.31690512539007,28,"AGACTGT"
"243",206161,6.83521220377217,19,"AGAGCAC"
"244",206475,6.30110419805219,51,"AGAGCCA"
"245",207534,7.78912341233042,76,"AGAGCTT"
"246",208716,7.23289812939097,36,"AGAGGTA"
"247",210200,7.32469627083684,16,"AGAGTTA"
"248",211690,6.43682942316898,2,"AGATATA"
"249",212582,6.56067459113487,48,"AGATCCC"
"250",213077,6.85573104204581,73,"AGATCGG"
"251",216019,6.09082267591005,7,"AGATTGG"
"252",216408,6.51206640673857,20,"AGATTTG"
"253",217110,7.56887433241576,64,"AGCAACC"
"254",218118,6.83538930698451,38,"AGCACAA"
"255",218208,7.32469627083684,34,"AGCACAC"
"256",218230,6.12927812221429,56,"AGCACAC"
"257",218370,6.04531237635875,8,"AGCACAT"
"258",218433,6.39108721320048,71,"AGCACAT"
"259",219117,6.58419740257558,3,"AGCACGT"
"260",220370,6.32506361652741,34,"AGCAGGA"
"261",220638,6.13218915702414,20,"AGCAGGT"
"262",221826,6.1036283523315,80,"AGCATCT"
"263",223395,6.29012016719603,51,"AGCCAGA"
"264",223602,6.02842459687464,70,"AGCCAGG"
"265",223918,6.72858187039537,10,"AGCCATG"
"266",223928,7.30019473114714,20,"AGCCATG"
"267",224168,6.53752342278846,72,"AGCCCAA"
"268",224809,6.17749659080287,55,"AGCCCCT"
"269",225100,6.34201985177109,64,"AGCCCGG"
"270",227733,6.67751743501551,65,"AGCCTCG"
"271",228028,6.39519024938417,78,"AGCCTGC"
"272",228074,6.19107300876702,30,"AGCCTGG"
"273",228656,6.57733350624092,48,"AGCGAAA"
"274",229461,6.94253586958309,7,"AGCGAGC"
"275",229590,6.13705187887963,42,"AGCGAGG"
"276",229714,7.47157713106084,72,"AGCGAGT"
"277",233853,6.70885018182182,75,"AGCGTCT"
"278",234502,6.58963289258256,66,"AGCGTTG"
"279",234754,6.41454618602446,36,"AGCTAAC"
"280",234879,6.40221770778749,67,"AGCTAAG"
"281",235311,6.22862146812043,29,"AGCTACT"
"282",235431,6.199112361614,55,"AGCTAGA"
"283",237491,6.25336223195069,47,"AGCTCTG"
"284",239187,7.21502629664385,51,"AGCTTAA"
"285",240312,6.19107300876702,48,"AGCTTTA"
"286",240352,6.78166897288637,88,"AGCTTTA"
"287",240367,6.52482140330653,9,"AGCTTTC"
"288",240552,6.17031444860023,6,"AGCTTTT"
"289",241193,6.37014166874527,83,"AGGAACC"
"290",241311,6.53752342278846,13,"AGGAACT"
"291",241484,6.08089503594593,92,"AGGAAGA"
"292",241931,6.64108154838438,69,"AGGAATC"
"293",242502,6.32506361652741,76,"AGGACAT"
"294",242877,6.70531690772676,75,"AGGACCT"
"295",243040,6.39522356285793,50,"AGGACGC"
"296",243875,6.19214336676727,39,"AGGAGAG"
"297",245350,6.38288747191959,10,"AGGATAG"
"298",246038,6.13277521760909,40,"AGGATGC"
"299",246098,7.56887433241576,6,"AGGATGG"
"300",246614,6.76977178645905,52,"AGGATTT"
"301",246827,7.03468099861401,77,"AGGCAAC"
"302",247112,7.34350703175695,80,"AGGCACA"
"303",247282,6.69828094011163,62,"AGGCACG"
"304",248787,6.07843895145422,63,"AGGCCCG"
"305",249110,6.92846953247811,10,"AGGCCGG"
"306",250612,6.71085509126819,8,"AGGCGGG"
"307",250886,6.52643906609536,0,"AGGCGTA"
"308",251166,6.04681596202232,92,"AGGCGTT"
"309",251263,6.93273242448627,1,"AGGCTAC"
"310",251815,6.34721100060313,83,"AGGCTCG"
"311",252235,7.21502629664385,33,"AGGCTGT"
"312",253594,6.199112361614,76,"AGGGAGC"
"313",254604,6.17749659080287,52,"AGGGCCA"
"314",255571,6.23578485681065,79,"AGGGCTG"
"315",255627,6.41658141547213,41,"AGGGCTT"
"316",256019,6.12273717527921,57,"AGGGGAT"
"317",256478,6.60189725386139,46,"AGGGGGA"
"318",256893,6.36100295513866,85,"AGGGGTA"
"319",256953,6.06065374692224,51,"AGGGGTC"
"320",257695,6.1492528330724,41,"AGGGTCC"
"321",257868,6.21213956922418,26,"AGGGTCT"
"322",260259,6.38296570910285,67,"AGGTCAA"
"323",260434,6.43659839147616,54,"AGGTCAG"
"324",260501,6.47588357384586,27,"AGGTCAT"
"325",260730,6.68323481779148,68,"AGGTCCC"
"326",263253,6.18827033020079,53,"AGGTTAA"
"327",263496,7.42032262880778,14,"AGGTTAT"
"328",265165,6.09500900225316,85,"AGTAACA"
"329",265171,6.25388095786409,91,"AGTAACA"
"330",265560,6.65292894257842,10,"AGTAAGC"
"331",266262,6.39108721320048,54,"AGTACAA"
"332",266411,7.44522279908801,15,"AGTACAG"
"333",267270,6.16078959377868,28,"AGTACGT"
"334",267382,6.08863613771695,46,"AGTACTA"
"335",267550,7.97058037619524,26,"AGTACTG"
"336",267772,6.20004349159061,60,"AGTAGAA"
"337",268232,6.58143809623099,50,"AGTAGCC"
"338",268619,6.23578485681065,61,"AGTAGGC"
"339",268841,6.02339613414653,1,"AGTAGTA"
"340",269638,6.16880648640093,46,"AGTATCA"
"341",269978,6.34721100060313,10,"AGTATGA"
"342",270410,6.35539195196519,66,"AGTATTA"
"343",270598,6.12315079949784,66,"AGTATTG"
"344",270988,6.37014166874527,80,"AGTCAAG"
"345",271660,6.48233736374819,0,"AGTCAGC"
"346",271685,6.55344123535679,25,"AGTCAGG"
"347",271955,6.98914488922752,13,"AGTCATC"
"348",272246,6.79707732512871,22,"AGTCCAA"
"349",272872,6.68323481779148,84,"AGTCCCG"
"350",273907,6.37973951772025,85,"AGTCGAC"
"351",274147,6.07530052288664,43,"AGTCGCA"
"352",274252,6.0224783497206,54,"AGTCGCC"
"353",275544,6.82657703006345,30,"AGTCTAT"
"354",277114,6.34443290433972,2,"AGTGACA"
"355",277283,6.175025004564,77,"AGTGACC"
"356",279209,6.82937671007298,29,"AGTGCGG"
"357",281526,6.22862146812043,90,"AGTGTAG"
"358",282964,6.04394674989805,24,"AGTTAAG"
"359",282973,6.9133626400879,33,"AGTTAAG"
"360",283654,6.56887433241576,56,"AGTTAGC"
"361",283766,7.95935312077198,74,"AGTTAGG"
"362",283923,6.71390590755004,43,"AGTTATA"
"363",283934,8.04681596202232,54,"AGTTATA"
"364",284583,6.15958399742736,45,"AGTTCAT"
"365",285003,6.98914488922752,89,"AGTTCCT"
"366",286168,6.2996459028757,32,"AGTTGCA"
"367",288630,6.20191905730166,50,"AGTTTTG"
"368",288672,6.14572595616314,92,"AGTTTTG"
"369",288958,6.27048059415396,2,"ATAAAAG"
"370",289256,6.34443290433972,18,"ATAAACC"
"371",289929,6.29186784844464,33,"ATAAATA"
"372",290612,6.0001087112532,58,"ATAACAT"
"373",290636,6.19107795369635,82,"ATAACAT"
"374",292192,6.55276483984441,40,"ATAAGCA"
"375",292810,6.61167813899769,0,"ATAAGGG"
"376",293771,6.14638362094812,21,"ATAATCC"
"377",295250,6.39108721320048,90,"ATACACA"
"378",296094,6.37714565098551,88,"ATACATC"
"379",296308,6.2401747189409,20,"ATACCAA"
"380",297636,6.71253386619235,32,"ATACCTG"
"381",299477,7.34350703175695,87,"ATACTAC"
"382",300150,8.03616871782281,8,"ATACTGC"
"383",300318,6.12927812221429,82,"ATACTGG"
"384",300415,7.07359496032612,85,"ATACTGT"
"385",302406,6.00374724013044,8,"ATAGCAC"
"386",302746,6.15958399742736,66,"ATAGCCA"
"387",302888,6.62971206182795,20,"ATAGCCG"
"388",304428,6.25645595633186,56,"ATAGGCG"
"389",305342,6.46130293648954,30,"ATAGTAA"
"390",306729,6.48164998396226,7,"ATAGTTT"
"391",306901,6.22862146812043,85,"ATATAAA"
"392",307747,6.31204573038227,85,"ATATAGC"
"393",310479,6.0001087112532,91,"ATATGCG"
"394",311646,6.04394674989805,36,"ATATTAT"
"395",312648,6.27424436931984,4,"ATATTTG"
"396",313170,7.34350703175695,56,"ATCAAAT"
"397",313481,6.40871069232528,85,"ATCAACG"
"398",314323,6.11527571963459,81,"ATCAATT"
"399",315861,7.42032262880778,21,"ATCAGAA"
"400",316024,6.26030280710488,90,"ATCAGAC"
"401",316534,6.12927812221429,36,"ATCAGCT"
"402",316702,6.482915076829,16,"ATCAGGC"
"403",316877,6.21073094104842,3,"ATCAGGT"
"404",316924,6.34090602743046,50,"ATCAGGT"
"405",316966,6.25587822151988,92,"ATCAGGT"
"406",318790,6.12927812221429,36,"ATCATTT"
"407",318847,6.06438839223304,93,"ATCATTT"
"408",320245,6.09082267591005,81,"ATCCATG"
"409",322192,6.59569102231171,54,"ATCCGAT"
"410",322881,6.02433396780428,85,"ATCCGGG"
"411",324038,6.70885018182182,20,"ATCCTCT"
"412",325795,6.52857103134975,85,"ATCGAGC"
"413",327270,6.33479318371854,56,"ATCGCGC"
"414",329493,6.84660201546543,23,"ATCGTAC"
"415",329554,7.40959622221473,84,"ATCGTAC"
"416",330707,6.15119529388953,15,"ATCGTTG"
"417",330992,6.0001087112532,18,"ATCTAAC"
"418",332918,6.482915076829,64,"ATCTCCC"
"419",333086,6.89009045833487,44,"ATCTCCT"
"420",333805,6.14428523465771,11,"ATCTCTT"
"421",335174,7.95935312077198,64,"ATCTGTC"
"422",336419,6.81918094296709,87,"ATCTTGG"
"423",336524,6.49352408425055,4,"ATCTTTA"
"424",337491,6.46405384448377,31,"ATGAACG"
"425",338496,6.5377916612583,2,"ATGACAC"
"426",339265,6.41512392083644,19,"ATGACGC"
"427",339788,6.0224783497206,72,"ATGACTG"
"428",339947,6.01560158610961,43,"ATGAGAA"
"429",341251,6.008214302441,31,"ATGAGTG"
"430",341498,6.10446583160838,90,"ATGATAA"
"431",342421,6.45163602759918,73,"ATGATGG"
"432",346252,6.30199206571835,50,"ATGCGAT"
"433",346623,6.43453199056063,45,"ATGCGCT"
"434",349193,6.12505714632164,77,"ATGGAAG"
"435",349302,6.89009045833487,92,"ATGGAAT"
"436",350181,6.20140911805131,31,"ATGGATC"
"437",350539,6.56593345850298,13,"ATGGCAC"
"438",351315,7.23578980173997,37,"ATGGCGC"
"439",351558,8.03616871782281,92,"ATGGCGT"
"440",353875,6.98914488922752,59,"ATGGTCA"
"441",356172,6.04612961778525,6,"ATGTATC"
"442",357635,6.41512392083644,59,"ATGTCTA"
"443",357656,7.22666418787632,80,"ATGTCTA"
"444",360342,6.0021041139787,40,"ATGTTGC"
"445",364287,6.40434918108779,37,"ATTAGAT"
"446",365013,6.27424436931984,11,"ATTAGGT"
"447",365574,6.68916856613347,8,"ATTATAC"
"448",365577,6.53196676471708,11,"ATTATAC"
"449",365664,7.22666418787632,4,"ATTATAG"
"450",366923,7.06069815025256,41,"ATTATTT"
"451",367942,6.16880648640093,26,"ATTCAGG"
"452",368371,6.14800923180446,79,"ATTCATG"
"453",369197,6.30199206571835,59,"ATTCCCT"
"454",370683,6.85519800830833,41,"ATTCGCT"
"455",370878,6.58363847941359,48,"ATTCGGC"
"456",371166,6.35904072996522,54,"ATTCGTA"
"457",373065,6.63051295443513,73,"ATTGAAA"
"458",374040,7.30347978492715,14,"ATTGAGT"
"459",376405,6.11894695785934,29,"ATTGGCA"
"460",378146,7.37369426114844,78,"ATTGTCG"
"461",378706,6.27424436931984,74,"ATTGTTA"
"462",380963,6.33678669344976,75,"ATTTCCA"
"463",381309,6.61081809886129,45,"ATTTCGA"
"464",382048,7.30347978492715,32,"ATTTGAA"
"465",384326,6.57406296488719,54,"ATTTTGA"
"466",385002,7.05037807957565,72,"ATTTTTT"
"467",385781,6.2316852117499,5,"CAAAAGA"
"468",386348,6.32800921735689,8,"CAAAATG"
"469",386934,6.55422080123254,30,"CAAACCA"
"470",389099,6.1235169252765,33,"CAAAGGT"
"471",391506,6.851635890755,90,"CAACACA"
"472",391802,6.03832977661404,10,"CAACAGA"
"473",392187,6.8250151988355,19,"CAACATA"
"474",393566,6.09839453392042,82,"CAACCGG"
"475",394738,6.61081809886129,32,"CAACGCT"
"476",396243,6.49658236160088,33,"CAACTCT"
"477",397693,6.68763369591212,73,"CAAGACG"
"478",398469,7.36320188733079,3,"CAAGATT"
"479",400710,6.91354943115886,82,"CAAGGCG"
"480",400856,6.04055868155857,40,"CAAGGGA"
"481",401670,6.12315079949784,8,"CAAGTAC"
"482",402757,6.94710508384307,61,"CAAGTTA"
"483",403318,6.17089216168104,58,"CAATAAG"
"484",403944,6.03832977661404,26,"CAATAGC"
"485",405294,6.22255618516952,60,"CAATCCT"
"486",405483,7.38979699061395,61,"CAATCGC"
"487",408298,6.1492528330724,56,"CAATTCT"
"488",408742,6.22862146812043,30,"CAATTTA"
"489",409512,6.41303702326747,48,"CACAACA"
"490",411122,6.68763369591212,60,"CACACCC"
"491",412588,6.24035976915714,22,"CACAGCC"
"492",414225,6.74735579831576,61,"CACATCG"
"493",414995,7.01029891033026,79,"CACATTG"
"494",415688,6.49397525498065,20,"CACCACG"
"495",420776,6.1492528330724,32,"CACCTTA"
"496",421030,6.07425262511111,4,"CACCTTT"
"497",421708,6.37973951772025,24,"CACGACG"
"498",421867,6.41656390017673,89,"CACGACT"
"499",422552,6.4362168875288,22,"CACGATT"
"500",423192,6.18086049826319,4,"CACGCCG"
"501",424274,6.19043780420676,52,"CACGGAC"
"502",424682,6.32857653251696,84,"CACGGCC"
"503",425142,6.41773625643684,74,"CACGGGG"
"504",425630,7.05037807957565,92,"CACGGTT"
"505",425897,6.94185804271614,77,"CACGTAG"
"506",427274,6.30956392372872,44,"CACTAAC"
"507",428098,6.74735579831576,22,"CACTAGG"
"508",428191,6.15028424073375,21,"CACTAGT"
"509",428637,6.58250350930192,91,"CACTATT"
"510",431177,6.33125899482804,93,"CACTGGG"
"511",431200,6.1574015254392,22,"CACTGGT"
"512",432072,6.57079085203148,48,"CACTTCA"
"513",434306,6.05405648627504,26,"CAGAATA"
"514",435525,6.30728064808739,23,"CAGACGC"
"515",436702,6.23350984788136,72,"CAGAGCC"
"516",437160,6.36557073999916,60,"CAGAGGG"
"517",437919,6.1492528330724,67,"CAGATAG"
"518",438251,6.04334657659252,23,"CAGATCG"
"519",438827,6.23521208865916,35,"CAGATTA"
"520",438936,6.73112180864962,50,"CAGATTC"
"521",438997,6.47092046309516,17,"CAGATTG"
"522",440952,7.0413892963484,92,"CAGCCAG"
"523",442020,6.94185804271614,32,"CAGCCTG"
"524",443222,6.12486674528161,12,"CAGCGGT"
"525",444588,6.22099822943946,62,"CAGCTGC"
"526",445021,6.86003748483083,25,"CAGCTTG"
"527",445265,6.58776330697579,81,"CAGGAAA"
"528",447494,6.26770479769519,54,"CAGGCGA"
"529",447525,6.30956392372872,85,"CAGGCGA"
"530",447763,6.34044751202259,41,"CAGGCGT"
"531",450822,7.38411087709378,92,"CAGGTGT"
"532",451196,6.03344139685311,90,"CAGGTTT"
"533",452470,6.42868991914868,48,"CAGTATC"
"534",452978,6.9613104010161,86,"CAGTCAG"
"535",453086,7.77407822924407,6,"CAGTCCA"
"536",454303,6.38371808670942,1,"CAGTGAC"
"537",454635,6.23599165453491,51,"CAGTGCA"
"538",457234,6.18196557971819,18,"CATAAAA"
"539",457338,6.32305925354715,28,"CATAAAC"
"540",457360,6.94185804271614,50,"CATAAAC"
"541",459606,6.15086195381456,40,"CATACGC"
"542",459800,6.82569302570245,46,"CATACGT"
"543",462168,6.00802390140098,64,"CATATCA"
"544",467632,6.08980009258175,76,"CATCGTG"
"545",468424,6.42380153938776,22,"CATCTCT"
"546",468854,7.96925830051139,76,"CATCTGT"
"547",469064,6.20107440266589,4,"CATCTTG"
"548",469362,6.65645581948768,20,"CATGAAC"
"549",469470,6.62207513579902,34,"CATGAAG"
"550",469480,6.32305925354715,44,"CATGAAG"
"551",469568,7.01172284959071,38,"CATGAAT"
"552",470337,6.69235220825299,55,"CATGAGT"
"553",471494,6.61081809886129,84,"CATGCCT"
"554",473722,6.56075081126648,56,"CATGGTT"
"555",476426,6.12315079949784,34,"CATTATA"
"556",476949,6.73888819816518,87,"CATTCAC"
"557",477886,6.28498016384908,84,"CATTCGT"
"558",478552,6.03401910993392,92,"CATTGAG"
"559",479328,6.71934255563946,22,"CATTGGT"
"560",479750,6.37369426114844,68,"CATTGTT"
"561",482776,7.4407382221103,86,"CCAAATT"
"562",483402,6.13607892356072,54,"CCAACCG"
"563",484808,6.11894695785934,50,"CCAAGCC"
"564",485238,6.79707732512871,10,"CCAAGGG"
"565",485310,6.12885213759874,82,"CCAAGGG"
"566",485632,6.4153202989088,28,"CCAAGTG"
"567",485864,6.50489757653297,72,"CCAATAA"
"568",485952,6.16582288387134,66,"CCAATAC"
"569",487878,6.68763369591212,18,"CCACACG"
"570",488707,6.69235220825299,1,"CCACATT"
"571",491901,6.10349646662443,93,"CCACTAA"
"572",493333,6.80447653979276,21,"CCAGAAA"
"573",493590,6.35263264562061,90,"CCAGAAG"
"574",496646,6.34299292499943,44,"CCAGGAT"
"575",496649,6.80919505213363,47,"CCAGGAT"
"576",496677,6.12315079949784,75,"CCAGGAT"
"577",497023,6.40221770778749,45,"CCAGGCT"
"578",497575,6.34721100060313,33,"CCAGGTC"
"579",498771,7.14832696048963,7,"CCAGTGG"
"580",499160,6.25956846350036,20,"CCAGTTG"
"581",499446,6.30695869550712,24,"CCATAAC"
"582",502520,6.15363775027333,90,"CCATGAC"
"583",505696,6.69906050598738,70,"CCCAAAT"
"584",505735,6.00622904678399,15,"CCCAACA"
"585",509086,6.17069477351809,76,"CCCAGCT"
"586",509427,6.51367011055449,41,"CCCAGGT"
"587",512035,6.61401498086631,17,"CCCCACT"
"588",512459,6.21993342991721,65,"CCCCAGT"
"589",513407,6.48022021978877,73,"CCCCCCC"
"590",515155,7.2144161509474,35,"CCCCGGA"
"591",515290,6.09757330706677,76,"CCCCGGC"
"592",515455,7.24555815084298,53,"CCCCGGT"
"593",515610,6.75881753711736,20,"CCCCGTC"
"594",515738,6.34721100060313,54,"CCCCGTG"
"595",516184,6.23578980173997,30,"CCCCTAT"
"596",519135,6.15363775027333,67,"CCCGCAG"
"597",520521,6.5324808714746,43,"CCCGGAC"
"598",522119,6.2113434766886,43,"CCCGTAG"
"599",524427,6.31424600832178,1,"CCCTAGT"
"600",524638,6.43096987300729,24,"CCCTATC"
"601",525602,7.26516980437027,48,"CCCTCCT"
"602",529016,6.05385192963745,78,"CCCTTGT"
"603",530378,7.12951619956952,30,"CCGAAGG"
"604",530730,6.0133924354742,6,"CCGAATG"
"605",531839,6.06438839223304,81,"CCGACGC"
"606",531994,6.94403240958426,48,"CCGACGT"
"607",536414,6.28968070407528,50,"CCGCAGG"
"608",536555,6.136455980984,3,"CCGCATA"
"609",536905,6.59857006193237,71,"CCGCATT"
"610",537446,6.09757330706677,48,"CCGCCCC"
"611",538106,7.23656936761572,50,"CCGCCTA"
"612",538725,6.12307189066462,11,"CCGCGAT"
"613",541225,6.31424600832178,67,"CCGCTTC"
"614",541526,6.12486674528161,86,"CCGGAAA"
"615",541986,7.33125899482804,76,"CCGGACC"
"616",542072,6.31412702912666,68,"CCGGACG"
"617",544152,6.09757330706677,80,"CCGGCTA"
"618",545925,7.26516980437027,67,"CCGGGTT"
"619",546789,7.36240099472361,85,"CCGGTGA"
"620",547114,6.27642684130799,34,"CCGGTTA"
"621",548075,6.01616340542128,55,"CCGTACG"
"622",548646,7.12951619956952,62,"CCGTATA"
"623",549267,6.66058075229297,25,"CCGTCAT"
"624",552939,6.29488534358848,31,"CCGTTGG"
"625",553624,6.15823214022904,58,"CCTAAAC"
"626",554490,6.35758476857709,78,"CCTAAGG"
"627",555109,6.31069889384039,39,"CCTACAC"
"628",558667,6.66058075229297,25,"CCTATCT"
"629",559265,6.31424600832178,59,"CCTATTC"
"630",559709,6.27507498410967,33,"CCTCAAG"
"631",560472,6.00802390140098,44,"CCTCAGG"
"632",561681,6.64932371535524,31,"CCTCCCT"
"633",562309,7.33125899482804,1,"CCTCCTG"
"634",562653,6.33518864465449,63,"CCTCGAC"
"635",563173,6.18123123611368,19,"CCTCGCT"
"636",563498,6.27642684130799,62,"CCTCGGG"
"637",564307,6.05521755609815,25,"CCTCTAT"
"638",565137,6.74655490570858,9,"CCTCTTA"
"639",565651,6.84820775546874,53,"CCTGAAC"
"640",567666,6.12358182991498,0,"CCTGCCG"
"641",570973,6.09757330706677,17,"CCTGTGG"
"642",571323,6.16813731996844,85,"CCTGTTC"
"643",572565,6.52416248437213,11,"CCTTAGT"
"644",573387,6.74161358635756,81,"CCTTCAT"
"645",575051,6.84820775546874,53,"CCTTGCC"
"646",575554,6.62660363885515,86,"CCTTGGG"
"647",578065,6.71541290581301,59,"CGAAACC"
"648",578566,6.48271768866604,90,"CGAAAGG"
"649",579139,6.11210057682007,5,"CGAACAC"
"650",579882,7.27642684130799,90,"CGAACGA"
"651",579956,6.09757330706677,70,"CGAACGC"
"652",581355,6.67649983593727,59,"CGAAGGA"
"653",582274,6.93009209733681,38,"CGAATAG"
"654",584050,6.37634790029494,28,"CGACACC"
"655",586321,6.64100532825277,43,"CGACCTC"
"656",588818,6.15484334662465,2,"CGACTGA"
"657",589377,6.13070881669355,91,"CGACTTC"
"658",589612,6.40434918108779,44,"CGAGAAA"
"659",589771,6.04335152152184,15,"CGAGAAG"
"660",591138,6.19590714193315,66,"CGAGCAA"
"661",591938,6.71541290581301,20,"CGAGCGC"
"662",592166,6.35826116408947,60,"CGAGCGT"
"663",592193,6.76826478807875,87,"CGAGCGT"
"664",592389,6.52023283454569,1,"CGAGCTG"
"665",595327,6.40221770778749,25,"CGAGTTC"
"666",595523,6.07815324489674,33,"CGAGTTT"
"667",596266,7.46405384448377,24,"CGATACT"
"668",597503,6.0523170594161,39,"CGATCCA"
"669",598278,7.45499436325028,62,"CGATCTA"
"670",599208,6.56363746585003,52,"CGATGCG"
"671",602182,6.87740806224661,18,"CGCAACG"
"672",602803,6.01396257183149,75,"CGCAATA"
"673",604419,6.6682176783219,93,"CGCACTC"
"674",604860,6.58648890161905,64,"CGCAGAG"
"675",605098,6.67649983593727,20,"CGCAGCC"
"676",605357,6.52668801272328,91,"CGCAGCT"
"677",606486,7.61009699514227,92,"CGCATAT"
"678",607256,6.69344522740401,16,"CGCATTA"
"679",610976,6.02612860422169,70,"CGCCGAT"
"680",611461,6.17206039997879,85,"CGCCGGA"
"681",614662,7.55979055326189,90,"CGCGAGG"
"682",615436,6.6682176783219,18,"CGCGCAT"
"683",615573,6.35826116408947,61,"CGCGCCA"
"684",615592,6.7313649115881,80,"CGCGCCA"
"685",615682,7.37369426114844,76,"CGCGCCC"
"686",616467,6.93009209733681,15,"CGCGCTG"
"687",617200,6.46865241132519,90,"CGCGGCC"
"688",618149,6.8079894557823,5,"CGCGTAA"
"689",618475,6.37349517828485,49,"CGCGTAT"
"690",619187,7.09674024761595,9,"CGCGTGT"
"691",621244,6.08398856108986,92,"CGCTCAA"
"692",621734,6.10309058603657,18,"CGCTCCG"
"693",623640,6.82569302570245,44,"CGCTGGG"
"694",623701,7.62022121241598,11,"CGCTGGT"
"695",625245,6.14297144810233,51,"CGCTTGT"
"696",625356,7.05318388162921,68,"CGCTTTA"
"697",626736,6.13070881669355,38,"CGGAAGT"
"698",626784,6.5880980223612,86,"CGGAAGT"
"699",627282,6.58145561152639,20,"CGGACAC"
"700",627360,6.19385604995976,4,"CGGACAG"
"701",627718,7.59990122803638,80,"CGGACCC"
"702",628647,6.23758650942863,69,"CGGACTT"
"703",630858,7.13607892356072,24,"CGGATCT"
"704",633584,6.05702151348959,24,"CGGCCCA"
"705",633647,6.22730361633169,87,"CGGCCCA"
"706",635544,6.71894709470352,10,"CGGCGGC"
"707",635571,6.18514922183771,37,"CGGCGGC"
"708",637585,6.3873234380346,77,"CGGCTTG"
"709",639272,6.59857006193237,72,"CGGGCAA"
"710",641350,6.6089363479485,82,"CGGGGCG"
"711",641629,6.84796465253025,79,"CGGGGGC"
"712",641740,6.02527788505932,2,"CGGGGGT"
"713",643093,6.95302824340073,39,"CGGGTGC"
"714",643168,6.68763369591212,20,"CGGGTGG"
"715",643412,7.48305838415575,76,"CGGGTTA"
"716",644102,6.31833087076516,14,"CGGTACA"
"717",644105,6.041641138134,17,"CGGTACA"
"718",646810,6.23758650942863,90,"CGGTGAA"
"719",647430,6.07252472642787,52,"CGGTGCT"
"720",649586,6.67751743501551,46,"CGGTTTG"
"721",649793,6.50416628191523,65,"CGTAAAA"
"722",650031,7.47936690434448,21,"CGTAAAT"
"723",650427,6.22730361633169,41,"CGTAACT"
"724",650561,6.2604013260378,81,"CGTAAGA"
"725",650927,6.11453743399832,71,"CGTAATA"
"726",655444,6.22033931050506,76,"CGTATTA"
"727",655574,6.38587242549372,18,"CGTATTG"
"728",655741,6.07178760689709,91,"CGTATTT"
"729",656214,6.07142748632015,0,"CGTCACA"
"730",656542,7.19272107984809,46,"CGTCAGA"
"731",656717,6.87740806224661,33,"CGTCAGG"
"732",656883,6.38142231225605,11,"CGTCATA"
"733",660863,6.1391833019537,43,"CGTCTCG"
"734",663626,6.06998973310295,80,"CGTGCAT"
"735",663814,6.45499436325028,80,"CGTGCCC"
"736",664853,6.58145561152639,85,"CGTGGAA"
"737",665032,6.11894695785934,76,"CGTGGAG"
"738",665970,6.87277372641444,74,"CGTGGTA"
"739",666415,6.44594390280703,49,"CGTGTAC"
"740",666811,7.47936690434448,69,"CGTGTCC"
"741",666945,6.11744337219576,15,"CGTGTCT"
"742",668395,6.25329882486463,55,"CGTTACG"
"743",668931,6.27394785787575,27,"CGTTATA"
"744",670396,6.1235169252765,82,"CGTTCGT"
"745",672080,6.11391308256977,74,"CGTTGTC"
"746",672598,7.00171851450875,28,"CGTTTAT"
"747",673267,6.48172721805174,39,"CGTTTGG"
"748",674732,6.31630862239043,0,"CTAAAGC"
"749",676472,7.07587823596745,48,"CTAACTA"
"750",676873,6.39079070175638,73,"CTAAGAA"
"751",676945,6.13277521760909,51,"CTAAGAC"
"752",677171,7.30819829726802,89,"CTAAGAT"
"753",677834,6.99726840127108,0,"CTAAGGG"
"754",679450,6.21284916801206,18,"CTAATTA"
"755",681001,6.00409267878059,65,"CTACATA"
"756",681416,6.3352648647861,10,"CTACCAC"
"757",682354,6.21284916801206,8,"CTACCGT"
"758",682560,6.04798639357748,26,"CTACCTC"
"759",682799,6.00053275448467,77,"CTACCTT"
"760",683195,6.44594390280703,3,"CTACGCA"
"761",683695,6.20645992343936,33,"CTACGGC"
"762",684779,7.48486289209933,83,"CTACTCA"
"763",685315,6.11744337219576,55,"CTACTGG"
"764",685959,6.02612860422169,41,"CTAGAAC"
"765",689310,6.12560688398955,8,"CTAGGCC"
"766",689642,6.42697397336491,58,"CTAGGGA"
"767",690656,6.3648843741711,38,"CTAGTAT"
"768",691116,7.5120330932648,28,"CTAGTGA"
"769",691544,6.88487567062811,80,"CTAGTTA"
"770",692259,6.18206409865111,43,"CTATACA"
"771",692386,6.17851418988111,76,"CTATACC"
"772",693257,6.23428621607639,7,"CTATATT"
"773",693452,6.57550936437236,14,"CTATCAC"
"774",693631,6.26204004973923,5,"CTATCAT"
"775",694218,7.09757330706677,28,"CTATCGC"
"776",694570,6.31595520549463,4,"CTATCTC"
"777",695834,6.75881753711736,46,"CTATGGG"
"778",696102,7.031484116609,32,"CTATGTC"
"779",699183,6.2008314049705,11,"CTCAATG"
"780",700079,6.66102578690484,61,"CTCACCT"
"781",701163,6.45717115823028,17,"CTCAGAT"
"782",703164,6.22391882223434,44,"CTCATGA"
"783",707500,6.49033802216548,56,"CTCCGCG"
"784",708643,6.03910614480907,71,"CTCCTAG"
"785",709240,6.00876404010891,10,"CTCCTGC"
"786",709638,6.21523737780106,32,"CTCCTTC"
"787",710015,6.37525066018722,33,"CTCGAAC"
"788",710567,6.87230204534689,21,"CTCGACT"
"789",712218,6.29691343280054,74,"CTCGCGA"
"790",712346,6.0340531153435,14,"CTCGCGG"
"791",712486,7.10829971365983,60,"CTCGCGT"
"792",713107,6.10536559496586,23,"CTCGGAG"
"793",713154,6.08706972315224,70,"CTCGGAG"
"794",714624,6.25876793688353,36,"CTCGTAG"
"795",715504,6.17459110987077,70,"CTCGTGT"
"796",715963,6.2008314049705,59,"CTCTAAA"
"797",716463,7.90552890984704,89,"CTCTACC"
"798",717547,6.01579951113798,45,"CTCTCAC"
"799",718176,6.76803282674748,16,"CTCTCGA"
"800",718949,6.12307189066462,37,"CTCTGAA"
"801",719548,6.66001793704101,72,"CTCTGCG"
"802",720021,6.53457910031747,75,"CTCTGGT"
"803",722410,6.59136079126579,20,"CTGAACC"
"804",722507,6.10536559496586,23,"CTGAACG"
"805",722693,6.18863045077773,21,"CTGAAGA"
"806",723884,6.03090640352818,84,"CTGACCA"
"807",726002,6.04805416740794,40,"CTGAGGT"
"808",726399,7.30554168837582,61,"CTGAGTT"
"809",726951,6.34721100060313,49,"CTGATCC"
"810",727021,6.27607510721325,25,"CTGATCG"
"811",728575,6.33169945933738,75,"CTGCACG"
"812",728730,6.87230204534689,42,"CTGCAGA"
"813",729491,6.66058075229297,51,"CTGCCAA"
"814",729730,6.17859041001273,8,"CTGCCAT"
"815",731888,6.60522546420063,4,"CTGCGGG"
"816",732847,6.86660992055474,23,"CTGCTCA"
"817",733777,6.6720322238734,13,"CTGCTTG"
"818",733931,6.22730361633169,73,"CTGCTTT"
"819",734107,6.01616340542128,61,"CTGGAAC"
"820",735932,7.65102915381376,6,"CTGGCCC"
"821",736405,6.77319003221205,9,"CTGGCGG"
"822",738891,6.68048030973067,51,"CTGGTCA"
"823",739649,6.79907083485992,57,"CTGGTTA"
"824",740268,6.24035976915714,18,"CTGTAAT"
"825",740969,6.13300624930191,61,"CTGTAGG"
"826",741318,6.00741218291059,34,"CTGTATG"
"827",741538,6.06998973310295,66,"CTGTCAA"
"828",742406,6.01493872731523,88,"CTGTCGC"
"829",742908,6.57285275548016,26,"CTGTCTT"
"830",743335,7.0120268090135,77,"CTGTGAT"
"831",743722,6.72121168398089,88,"CTGTGCT"
"832",745114,6.31158709087241,70,"CTGTTCG"
"833",745875,6.21857620541385,79,"CTGTTTG"
"834",748272,7.62830907731367,32,"CTTACGA"
"835",748479,6.09728538370332,51,"CTTACGG"
"836",749231,6.40576873166277,51,"CTTAGAG"
"837",750161,6.90752030282153,41,"CTTAGTA"
"838",750283,6.18514922183771,69,"CTTAGTC"
"839",751611,6.13651938807006,81,"CTTATGT"
"840",752035,6.34855783714501,35,"CTTCAAA"
"841",752229,6.25645595633186,41,"CTTCAAG"
"842",752316,6.62372180781802,34,"CTTCAAT"
"843",755275,6.21857620541385,79,"CTTCGAG"
"844",756033,7.02436314670216,85,"CTTCGGG"
"845",756522,7.00589433139857,10,"CTTCTAA"
"846",759167,6.23229270634518,23,"CTTGATA"
"847",759789,6.06697950849026,81,"CTTGCAG"
"848",760106,7.2963263987457,22,"CTTGCCG"
"849",761498,7.0120268090135,4,"CTTGGCC"
"850",761638,6.00876404010891,50,"CTTGGCG"
"851",761833,6.25336223195069,57,"CTTGGGA"
"852",763138,7.40472115676906,46,"CTTGTCG"
"853",763531,6.88606669877335,63,"CTTGTGG"
"854",763923,6.17859041001273,79,"CTTGTTG"
"855",764305,6.39754634645917,85,"CTTTAAG"
"856",764656,6.61450327778864,60,"CTTTACG"
"857",764863,7.35146887195485,79,"CTTTAGA"
"858",765615,6.62149742271821,79,"CTTTCAA"
"859",768419,6.55367226704962,63,"CTTTGTG"
"860",768700,6.42713314188692,62,"CTTTTAC"
"861",769814,6.61291632770416,48,"CTTTTTC"
"862",775174,7.64025896565252,50,"GAAATCG"
"863",776103,6.199112361614,39,"GAACAAA"
"864",776490,6.83442229442888,50,"GAACACA"
"865",776745,6.46540068102564,23,"GAACACT"
"866",778314,6.39191782799031,88,"GAACCCT"
"867",778882,6.26712708461438,92,"GAACCTC"
"868",779432,6.5235600264747,78,"GAACGAT"
"869",779522,7.64020923571719,74,"GAACGCA"
"870",779915,7.09118112867796,91,"GAACGGA"
"871",781040,6.1994657785098,88,"GAACTCA"
"872",781103,6.10415538555882,57,"GAACTCC"
"873",781247,6.32910105892639,13,"GAACTCT"
"874",781478,7.6217404204136,56,"GAACTGC"
"875",782073,6.90278847803754,87,"GAACTTT"
"876",784997,6.41820702632847,3,"GAAGCTT"
"877",785084,6.42713314188692,90,"GAAGCTT"
"878",785493,6.74010111580625,29,"GAAGGCA"
"879",786338,6.25336223195069,28,"GAAGGTC"
"880",789085,6.01923607968008,49,"GAATAGG"
"881",790549,6.98405513902135,9,"GAATCGG"
"882",791558,7.86122931191977,78,"GAATGCA"
"883",792874,6.39190405872793,78,"GAATTAG"
"884",793129,6.67051511093026,51,"GAATTCC"
"885",793622,6.43096987300729,74,"GAATTGG"
"886",794266,6.199112361614,60,"GACAAAC"
"887",795816,6.10173336153322,12,"GACACAG"
"888",796835,6.30974897394496,91,"GACACTA"
"889",797073,6.53504987020911,47,"GACACTT"
"890",797424,6.34032831434965,22,"GACAGAT"
"891",797487,6.2914339537514,85,"GACAGAT"
"892",797883,6.11836924477852,11,"GACAGGA"
"893",798602,6.39601147623782,72,"GACAGTT"
"894",799057,6.84660201546543,57,"GACATCA"
"895",799384,7.10309058603657,8,"GACATGA"
"896",801468,6.25983839648928,24,"GACCATG"
"897",801763,6.91405959037256,37,"GACCCAC"
"898",802437,6.45886269565172,53,"GACCCGA"
"899",802900,6.26156197323158,46,"GACCCTC"
"900",803998,6.43372917935188,16,"GACCGGC"
"901",804161,6.95302824340073,85,"GACCGGG"
"902",805469,7.13305597923724,77,"GACCTGA"
"903",806933,7.21082600086838,37,"GACGAGA"
"904",808486,6.15966290626058,86,"GACGCGA"
"905",808871,6.199112361614,1,"GACGCTC"
"906",810522,6.24141832020883,54,"GACGGTG"
"907",811458,6.2049062134461,50,"GACGTGA"
"908",812612,6.01923607968008,76,"GACTACA"
"909",813075,6.26712708461438,69,"GACTAGC"
"910",813219,6.49261303109477,25,"GACTAGT"
"911",813426,6.15395547895849,44,"GACTATC"
"912",813808,6.24796429620099,50,"GACTCAC"
"913",814015,6.08398856108986,69,"GACTCAT"
"914",814267,6.2914339537514,39,"GACTCCG"
"915",814986,7.62980866084652,6,"GACTCTG"
"916",815190,6.43096987300729,22,"GACTGAA"
"917",815851,6.13244442999025,25,"GACTGCT"
"918",817490,6.01210056294825,66,"GACTTGA"
"919",817682,6.97551470225076,70,"GACTTGG"
"920",817852,6.35146887195485,52,"GACTTTA"
"921",819284,6.47813706797271,74,"GAGAAGT"
"922",819536,6.14471912935094,44,"GAGAATG"
"923",819544,6.43096987300729,52,"GAGAATG"
"924",822188,6.18741088920818,64,"GAGAGGG"
"925",823890,6.09046925901425,74,"GAGATTA"
"926",823928,6.31688633547124,18,"GAGATTC"
"927",824326,6.21523737780106,40,"GAGCAAC"
"928",824580,6.83618539952009,12,"GAGCACA"
"929",825255,6.15958399742736,29,"GAGCAGT"
"930",826906,6.02842459687464,82,"GAGCCTA"
"931",827034,6.199112361614,22,"GAGCCTG"
"932",827466,6.4623071558817,78,"GAGCGAG"
"933",828041,6.07194701334706,89,"GAGCGGA"
"934",828674,6.30956392372872,64,"GAGCGTT"
"935",828741,6.12894340682888,37,"GAGCTAA"
"936",829512,6.97551470225076,56,"GAGCTGA"
"937",829809,7.08242990616728,71,"GAGCTGT"
"938",830192,6.32910105892639,78,"GAGCTTT"
"939",831370,6.60690825873644,34,"GAGGATA"
"940",831574,6.01593237372845,50,"GAGGATG"
"941",832179,6.02527788505932,91,"GAGGCCA"
"942",832235,6.2914339537514,53,"GAGGCCC"
"943",835112,7.09796854930487,16,"GAGGTCA"
"944",835920,6.37001144119318,72,"GAGGTTA"
"945",835928,6.01593237372845,80,"GAGGTTA"
"946",836928,6.00741218291059,46,"GAGTACT"
"947",836957,6.45203148853512,75,"GAGTACT"
"948",837958,6.09046925901425,42,"GAGTCAG"
"949",838348,6.02527788505932,56,"GAGTCCG"
"950",838572,6.38845840814627,92,"GAGTCGA"
"951",840710,6.80019987852221,68,"GAGTGTT"
"952",840717,6.2307559264504,75,"GAGTGTT"
"953",840979,6.16641811224754,55,"GAGTTAG"
"954",841283,6.14526744075527,77,"GAGTTCC"
"955",842774,6.27424436931984,64,"GATAACC"
"956",843418,6.199112361614,50,"GATAATA"
"957",844061,6.55484868450306,35,"GATACAT"
"958",844179,6.16308109282215,59,"GATACCA"
"959",844415,6.3825909604755,13,"GATACCT"
"960",845249,6.66176388841957,1,"GATAGAA"
"961",847535,6.55311044773796,31,"GATATGA"
"962",847754,6.14891861427305,62,"GATATGG"
"963",850080,7.08660868714032,38,"GATCCAT"
"964",850258,6.49209350406786,28,"GATCCCC"
"965",851496,6.08089503594593,44,"GATCGAG"
"966",853107,6.55484868450306,57,"GATCTAT"
"967",853150,6.52336639183656,6,"GATCTCA"
"968",853312,6.25316859731255,74,"GATCTCC"
"969",853341,6.01593237372845,9,"GATCTCG"
"970",853482,6.49973031580023,56,"GATCTCT"
"971",853579,6.16308109282215,59,"GATCTGA"
"972",857341,6.00741218291059,61,"GATGGAA"
"973",857460,6.33518864465449,86,"GATGGAC"
"974",857857,6.26156197323158,13,"GATGGCG"
"975",860799,7.62411754876866,41,"GATTACC"
"976",861461,6.12894340682888,45,"GATTATA"
"977",861509,6.6089363479485,93,"GATTATA"
"978",863023,6.44594390280703,9,"GATTCTC"
"979",863919,6.69949993471948,59,"GATTGCG"
"980",864138,6.40930829885128,90,"GATTGGA"
"981",864342,6.27424436931984,12,"GATTGGT"
"982",866464,6.05781142283288,66,"GCAAAAC"
"983",867004,6.30638098242631,42,"GCAAACT"
"984",868696,6.25039762736547,42,"GCAACGC"
"985",870905,7.19773787982656,89,"GCAATAA"
"986",872907,6.97551470225076,23,"GCACACG"
"987",873080,6.4408750527467,8,"GCACAGA"
"988",873458,6.01768051836442,10,"GCACATA"
"989",873725,6.25316859731255,89,"GCACATG"
"990",873747,6.63590339554877,17,"GCACATT"
"991",874407,6.92039633354793,19,"GCACCCG"
"992",874794,6.77892718183718,30,"GCACCGG"
"993",875523,6.05618613485837,7,"GCACGAG"
"994",877183,6.59532028446123,69,"GCACTAT"
"995",879344,6.25983839648928,68,"GCAGAGG"
"996",879803,6.4346285895792,57,"GCAGATT"
"997",883388,6.5958875996213,70,"GCAGTCC"
"998",886109,6.27424436931984,65,"GCATCAG"
"999",886569,6.35966861323573,55,"GCATCCT"
"1000",887289,6.16297246166588,23,"GCATCTT"
"1001",888774,6.01768051836442,4,"GCATGTT"
"1002",889842,6.26183345843968,38,"GCATTGG"
"1003",891178,6.56593345850298,58,"GCCAAGA"
"1004",892382,6.51921228013338,40,"GCCACCC"
"1005",892442,6.18370282235255,6,"GCCACCG"
"1006",892570,6.92039633354793,40,"GCCACCT"
"1007",892802,6.12988354526009,84,"GCCACGC"
"1008",893032,6.01923607968008,32,"GCCACTA"
"1009",893567,6.16468593013136,3,"GCCAGAG"
"1010",894120,6.04623824894151,86,"GCCAGCT"
"1011",894547,6.06069815025256,43,"GCCAGTA"
"1012",894945,7.18045988839472,65,"GCCATAA"
"1013",895728,6.27161556426563,2,"GCCATGC"
"1014",895935,6.01560158610961,21,"GCCATGT"
"1015",897034,6.05618613485837,86,"GCCCACG"
"1016",897771,6.4346285895792,71,"GCCCATG"
"1017",901157,6.173028978739,73,"GCCCTAG"
"1018",904108,6.56488497553054,16,"GCCGCAG"
"1019",905158,6.27044658874438,32,"GCCGCTC"
"1020",906249,6.02436314670216,89,"GCCGGGA"
"1021",906612,6.13355478348484,76,"GCCGGTA"
"1022",907175,6.07712183723539,75,"GCCGTAG"
"1023",907595,6.10650183986568,25,"GCCGTCT"
"1024",908449,6.38169491956573,33,"GCCTAAA"
"1025",908766,6.17591053445345,68,"GCCTAAT"
"1026",909186,7.36400525917864,18,"GCCTAGA"
"1027",909951,6.39601147623782,31,"GCCTCAA"
"1028",911329,6.13932119360124,93,"GCCTCTG"
"1029",912319,6.16199107309114,49,"GCCTGGC"
"1030",915482,6.20107440266589,16,"GCGAAGT"
"1031",916069,6.3045502445329,39,"GCGACAC"
"1032",917270,6.64372237448533,18,"GCGACTG"
"1033",917651,6.6038907635926,23,"GCGAGAG"
"1034",919018,6.09255493429435,74,"GCGATAA"
"1035",925338,6.11894201293001,2,"GCGCTCA"
"1036",925570,6.33450126486856,46,"GCGCTCG"
"1037",925800,6.21993342991721,88,"GCGCTGA"
"1038",926099,6.10536559496586,11,"GCGCTTA"
"1039",927371,6.33085154144625,61,"GCGGAGC"
"1040",928145,6.42139308841354,83,"GCGGCAC"
"1041",929455,6.87783717597799,77,"GCGGCTT"
"1042",931866,6.6535866073634,44,"GCGGTGC"
"1043",932259,6.36845739458271,61,"GCGGTTC"
"1044",932949,6.76056521836597,93,"GCGTACA"
"1045",933383,7.18045988839472,57,"GCGTAGC"
"1046",933654,6.88629267775941,46,"GCGTATA"
"1047",934474,7.20954108550174,20,"GCGTCCC"
"1048",935499,6.10536559496586,11,"GCGTGAA"
"1049",938502,6.07252472642787,6,"GCTAAAA"
"1050",939866,6.42441325787814,54,"GCTAATG"
"1051",939943,6.51322095204206,37,"GCTAATT"
"1052",940542,6.06438839223304,72,"GCTACCC"
"1053",942184,6.63964741640553,22,"GCTAGCT"
"1054",943684,6.04060973047265,18,"GCTATCT"
"1055",943755,6.90596625621105,89,"GCTATCT"
"1056",946058,6.29933545682615,42,"GCTCCAA"
"1057",946513,6.87740806224661,27,"GCTCCCC"
"1058",948250,7.91314882129039,72,"GCTCGCT"
"1059",948924,6.65102915381376,88,"GCTCGTG"
"1060",949333,7.01169753514347,27,"GCTCTAT"
"1061",949767,6.16297246166588,85,"GCTCTCT"
"1062",950688,6.11607774573506,66,"GCTGAAC"
"1063",951617,7.02441287663749,55,"GCTGAGT"
"1064",952342,6.09805981853501,28,"GCTGCAT"
"1065",952614,7.82538717451677,18,"GCTGCCG"
"1066",956714,6.72121168398089,76,"GCTTAAC"
"1067",956969,6.46540068102564,49,"GCTTACA"
"1068",958106,6.51322095204206,58,"GCTTCAA"
"1069",958338,6.12988354526009,8,"GCTTCAT"
"1070",958568,7.9189311738844,50,"GCTTCCC"
"1071",960139,6.47102919949451,23,"GCTTGCG"
"1072",961264,6.56750579825147,20,"GCTTTAG"
"1073",962442,6.47401398823909,70,"GCTTTTG"
"1074",962897,7.11136523521598,55,"GGAAAAT"
"1075",964634,6.89566139456155,6,"GGAACCG"
"1076",965138,6.23854910808456,40,"GGAACGT"
"1077",965308,6.18708205405397,22,"GGAACTC"
"1078",967072,7.36983433798084,0,"GGAAGTT"
"1079",968001,7.25389472276026,83,"GGAATGC"
"1080",971742,6.04856410665829,64,"GGACGAC"
"1081",972036,6.88753227952031,76,"GGACGCA"
"1082",973310,6.23656936761572,34,"GGACTAG"
"1083",973353,6.0503631817468,77,"GGACTAG"
"1084",974952,6.89566139456155,78,"GGAGAAT"
"1085",976021,7.82538717451677,19,"GGAGATT"
"1086",976968,6.23854910808456,26,"GGAGCGC"
"1087",977059,6.27022060975832,23,"GGAGCGG"
"1088",977855,6.32910105892639,67,"GGAGGAG"
"1089",979211,6.2441913958158,13,"GGAGTAC"
"1090",981018,6.44499998555198,34,"GGATACA"
"1091",981626,6.08986007725412,78,"GGATAGG"
"1092",983390,6.12486674528161,56,"GGATCTC"
"1093",983456,6.33450126486856,28,"GGATCTG"
"1094",984107,6.26712708461438,21,"GGATGCC"
"1095",984554,6.06084607456701,92,"GGATGGC"
"1096",984704,7.24716241529801,54,"GGATGGT"
"1097",986998,6.03313406608868,92,"GGCAAAT"
"1098",987730,8.04088723016369,72,"GGCAAGT"
"1099",988173,6.28173985516921,45,"GGCACAA"
"1100",988420,7.10270037408885,10,"GGCACAT"
"1101",989151,6.02316572950653,83,"GGCACGG"
"1102",989694,6.64256172729156,62,"GGCAGAA"
"1103",991336,6.44499998555198,12,"GGCATAG"
"1104",991871,6.27048059415396,77,"GGCATCT"
"1105",993681,6.01421770690767,7,"GGCCAGT"
"1106",993768,6.08986007725412,0,"GGCCAGT"
"1107",994507,6.6906138022445,81,"GGCCCAT"
"1108",997402,6.66739240688843,62,"GGCCTAG"
"1109",999430,6.26208069914498,22,"GGCGAGA"
"1110",1000824,6.00802390140098,6,"GGCGCCT"
"1111",1001088,6.22953252127622,82,"GGCGCGC"
"1112",1001798,8.02056724578409,40,"GGCGGAC"
"1113",1003691,6.67051511093026,53,"GGCGTCC"
"1114",1004557,6.49551914620095,73,"GGCGTTG"
"1115",1005479,6.48151209231472,55,"GGCTAGA"
"1116",1006078,7.90899470958722,90,"GGCTATG"
"1117",1007482,6.02316572950653,84,"GGCTCTC"
"1118",1007720,6.68106734378551,40,"GGCTGAA"
"1119",1008255,6.46130293648954,11,"GGCTGCG"
"1120",1010778,6.49973031580023,90,"GGGAAAA"
"1121",1011979,6.10548512498421,69,"GGGAATC"
"1122",1012522,6.34974097327161,48,"GGGACAT"
"1123",1014290,6.37941164392441,30,"GGGAGCG"
"1124",1015832,6.13418266675535,68,"GGGATCG"
"1125",1016086,6.18827033020079,40,"GGGATGC"
"1126",1016224,6.14355848215717,84,"GGGATGG"
"1127",1016489,6.01947959345293,67,"GGGATTC"
"1128",1018361,6.02781287838425,59,"GGGCCAC"
"1129",1018647,6.01923607968008,63,"GGGCCCA"
"1130",1019047,6.88724983489995,87,"GGGCCGA"
"1131",1020363,6.23854910808456,87,"GGGCGCG"
"1132",1021405,6.05955420204106,1,"GGGCTAG"
"1133",1022462,6.86883758311524,24,"GGGCTTC"
"1134",1023642,6.41592375068714,76,"GGGGAGC"
"1135",1025301,7.9999569661088,43,"GGGGCGT"
"1136",1026040,7.17630577669155,30,"GGGGGAT"
"1137",1026120,6.37941164392441,16,"GGGGGCA"
"1138",1026984,6.08415780485051,34,"GGGGGTC"
"1139",1027978,6.62980866084652,88,"GGGGTCT"
"1140",1028453,6.05521755609815,93,"GGGGTTA"
"1141",1029011,6.40036704634158,87,"GGGTAAG"
"1142",1029982,6.64898015510371,24,"GGGTATC"
"1143",1032288,6.01733982287471,74,"GGGTGCC"
"1144",1033301,6.16078959377868,53,"GGGTTAA"
"1145",1033617,6.28753761739872,87,"GGGTTAT"
"1146",1033856,6.04026217011448,44,"GGGTTCG"
"1147",1035849,6.5271253590873,63,"GGTAAGT"
"1148",1037393,7.59990122803638,9,"GGTACTA"
"1149",1038846,6.43820322878537,52,"GGTAGGT"
"1150",1039734,7.41236588522229,0,"GGTATCA"
"1151",1040352,6.63312816497652,54,"GGTATGT"
"1152",1042401,6.01487382267675,35,"GGTCCAC"
"1153",1042424,6.13614865021957,58,"GGTCCAC"
"1154",1043546,6.63508216869511,52,"GGTCCTC"
"1155",1043622,6.07425262511111,34,"GGTCCTG"
"1156",1044127,6.10618411118051,69,"GGTCGAT"
"1157",1045145,6.86649127473316,53,"GGTCGTG"
"1158",1047734,6.14428523465771,10,"GGTGAGG"
"1159",1048104,6.11484236786926,4,"GGTGATG"
"1160",1048959,6.43800584062242,13,"GGTGCCT"
"1161",1051236,6.86649127473316,34,"GGTGGTT"
"1162",1052996,6.87740806224661,8,"GGTTAAG"
"1163",1054275,6.70820363514643,65,"GGTTATT"
"1164",1055230,6.68282559750529,80,"GGTTCGC"
"1165",1056642,6.21005389394407,82,"GGTTGGA"
"1166",1058443,6.38856703930253,3,"GGTTTTA"
"1167",1061221,6.2144161509474,55,"GTAACGC"
"1168",1061589,6.05949421736869,47,"GTAACTC"
"1169",1062359,7.21718581395497,65,"GTAAGCC"
"1170",1063072,6.10361511244601,26,"GTAAGTC"
"1171",1063201,6.51720989022221,61,"GTAAGTG"
"1172",1063546,6.13961311245122,30,"GTAATAG"
"1173",1063658,6.01598630220893,48,"GTAATAT"
"1174",1064829,6.02295082604818,91,"GTAATTT"
"1175",1066256,6.13452336224505,14,"GTACATT"
"1176",1066385,6.33125899482804,49,"GTACCAA"
"1177",1066474,6.15395547895849,44,"GTACCAC"
"1178",1066492,6.31002243913658,62,"GTACCAC"
"1179",1067857,6.17633706124933,17,"GTACGAA"
"1180",1069515,6.37941164392441,77,"GTACTAC"
"1181",1070659,6.07815324489674,93,"GTACTTC"
"1182",1070938,7.91917794962772,90,"GTAGAAA"
"1183",1071371,6.51302356387911,53,"GTAGACC"
"1184",1073791,6.62980866084652,29,"GTAGCTT"
"1185",1074307,7.05471875185056,75,"GTAGGCA"
"1186",1074827,6.17557331596834,31,"GTAGGGG"
"1187",1075597,6.86649127473316,49,"GTAGTAG"
"1188",1075688,6.13961311245122,46,"GTAGTAT"
"1189",1076136,6.01598630220893,24,"GTAGTGA"
"1190",1079322,6.52300249755326,14,"GTATCGG"
"1191",1080817,6.15106478226384,5,"GTATGGG"
"1192",1080839,6.01487382267675,27,"GTATGGG"
"1193",1081622,6.01493872731523,58,"GTATTAG"
"1194",1083897,6.20914264309881,77,"GTCAAGG"
"1195",1085963,7.04473466327793,75,"GTCAGAA"
"1196",1086525,6.12425502679123,73,"GTCAGCG"
"1197",1087043,6.75192501257575,27,"GTCAGTA"
"1198",1087399,6.5746214967062,7,"GTCATAA"
"1199",1087469,6.38625802496367,77,"GTCATAA"
"1200",1088869,7.3187619011823,67,"GTCATTT"
"1201",1088990,6.10982134399568,0,"GTCCAAA"
"1202",1089640,6.55305973140944,86,"GTCCACT"
"1203",1090603,6.31784349261179,15,"GTCCCAG"
"1204",1091123,6.86649127473316,65,"GTCCCCT"
"1205",1092929,6.70240587291691,85,"GTCCGGG"
"1206",1093279,6.03906991532198,59,"GTCCGTG"
"1207",1095620,6.16224852075651,50,"GTCGACT"
"1208",1095706,6.74756275557242,42,"GTCGAGA"
"1209",1096314,6.03832977661404,86,"GTCGATG"
"1210",1098006,6.43762979913751,86,"GTCGGAA"
"1211",1098144,6.03034787170917,36,"GTCGGAG"
"1212",1099820,6.31204573038227,20,"GTCGTCA"
"1213",1104073,6.44582525698545,43,"GTCTGAC"
"1214",1104139,6.55674494130843,15,"GTCTGAG"
"1215",1105374,6.35774885743927,28,"GTCTGTT"
"1216",1105562,6.51322095204206,28,"GTCTTAC"
"1217",1105680,6.16780804609841,52,"GTCTTAG"
"1218",1105843,6.08089503594593,27,"GTCTTCA"
"1219",1106024,6.74756275557242,20,"GTCTTCG"
"1220",1107937,6.22045795632664,53,"GTGAAGG"
"1221",1108456,6.01185756525285,8,"GTGACAA"
"1222",1111299,6.70240587291691,31,"GTGAGTG"
"1223",1111444,6.60133972493994,82,"GTGAGTT"
"1224",1112698,6.18770740065227,20,"GTGATTC"
"1225",1114326,6.49584526751885,50,"GTGCATG"
"1226",1114390,7.40286438097683,20,"GTGCATT"
"1227",1114528,6.23581699000915,64,"GTGCCAA"
"1228",1115221,6.41454618602446,5,"GTGCCGA"
"1229",1119241,6.81924871679755,77,"GTGGAAG"
"1230",1119811,6.00776391700534,83,"GTGGAGA"
"1231",1119821,6.71818256882058,93,"GTGGAGA"
"1232",1122178,6.39291795109388,6,"GTGGGAG"
"1233",1122477,6.29186784844464,23,"GTGGGCC"
"1234",1123371,6.38293852083367,71,"GTGGGTG"
"1235",1123815,6.0340531153435,45,"GTGGTAT"
"1236",1124840,6.18770740065227,36,"GTGGTTG"
"1237",1129082,6.03832977661404,48,"GTGTGGT"
"1238",1131350,6.76977178645905,60,"GTTAAAT"
"1239",1131605,7.40286438097683,33,"GTTAACG"
"1240",1132160,6.10615010577093,24,"GTTAATA"
"1241",1133363,6.03087662201371,5,"GTTACGC"
"1242",1134627,6.62406864553023,47,"GTTAGCG"
"1243",1136945,6.11744337219576,15,"GTTATTT"
"1244",1137150,6.58706661469986,32,"GTTCAAC"
"1245",1140363,6.33085154144625,49,"GTTCGAT"
"1246",1141224,6.03832977661404,64,"GTTCGTA"
"1247",1141963,6.41759530783808,51,"GTTCTCA"
"1248",1143035,6.51013683645943,89,"GTTCTTT"
"1249",1143448,6.22862146812043,32,"GTTGACA"
"1250",1145578,6.23171499326437,0,"GTTGCGG"
"1251",1145635,6.01396257183149,57,"GTTGCGT"
"1252",1146375,6.19773787982656,45,"GTTGGAT"
"1253",1147884,6.51013683645943,50,"GTTGTAT"
"1254",1149533,6.34546431200107,7,"GTTTACC"
"1255",1150296,6.65292894257842,18,"GTTTATC"
"1256",1151314,6.56804906098229,2,"GTTTCGA"
"1257",1151316,6.6289092506192,4,"GTTTCGA"
"1258",1153534,6.7475312868931,60,"GTTTGTT"
"1259",1158056,6.29060868231794,70,"TAAACTT"
"1260",1158281,6.13080541571212,13,"TAAAGAG"
"1261",1158347,6.66913407483405,79,"TAAAGAG"
"1262",1159978,6.38032929310503,18,"TAAATCA"
"1263",1161242,6.93042681272223,60,"TAACAAC"
"1264",1164621,6.01306316160417,55,"TAACGCC"
"1265",1166503,6.90771393745967,57,"TAACTGC"
"1266",1167279,6.93080285420714,81,"TAAGAAC"
"1267",1168138,6.11744337219576,0,"TAAGAGG"
"1268",1169242,6.13490664068316,70,"TAAGCCG"
"1269",1169319,6.11894201293001,53,"TAAGCCT"
"1270",1171560,6.93042681272223,38,"TAAGGTT"
"1271",1173496,6.01484235399744,0,"TAATAAT"
"1272",1173874,6.47588357384586,2,"TAATAGA"
"1273",1174323,6.18514922183771,75,"TAATATA"
"1274",1174618,6.49973031580023,88,"TAATATT"
"1275",1175199,6.27124335745101,11,"TAATCCG"
"1276",1176099,6.16448854196841,65,"TAATCTT"
"1277",1176362,6.6127753791054,46,"TAATGAG"
"1278",1176928,6.55276483984441,48,"TAATGGA"
"1279",1178346,6.40163999470668,56,"TAATTCT"
"1280",1179323,6.05702151348959,93,"TACAAAC"
"1281",1180064,6.40432271436613,82,"TACAAGC"
"1282",1181833,6.24764825959276,65,"TACACTA"
"1283",1182758,6.13239371366173,50,"TACAGCG"
"1284",1182887,7.15028424073375,85,"TACAGCT"
"1285",1185075,6.45210770866673,17,"TACATTT"
"1286",1185151,7.07359496032612,93,"TACATTT"
"1287",1185626,6.08045885666078,4,"TACCACC"
"1288",1185703,6.11894201293001,81,"TACCACC"
"1289",1187482,6.11894201293001,74,"TACCCGA"
"1290",1190824,6.41934199644014,32,"TACCTTA"
"1291",1191078,6.07425262511111,4,"TACCTTT"
"1292",1191115,6.62519072724645,41,"TACCTTT"
"1293",1192293,6.07906429805252,91,"TACGAGT"
"1294",1192601,6.90771393745967,23,"TACGATT"
"1295",1194618,6.40671718259406,66,"TACGGCA"
"1296",1194709,6.04575741097062,63,"TACGGCC"
"1297",1194730,6.78971044638526,84,"TACGGCC"
"1298",1195707,7.35146887195485,27,"TACGTAA"
"1299",1197457,6.19590714193315,85,"TACTAAG"
"1300",1197696,6.29879518371333,42,"TACTACC"
"1301",1198090,6.55217572704844,60,"TACTAGC"
"1302",1198692,6.90771393745967,4,"TACTCAA"
"1303",1201660,6.34090602743046,58,"TACTGTT"
"1304",1202010,6.38001913851969,32,"TACTTAT"
"1305",1203866,6.07712183723539,8,"TAGAACT"
"1306",1204771,6.70199740359676,67,"TAGACAA"
"1307",1204866,6.50416628191523,68,"TAGACAC"
"1308",1206760,6.40671718259406,82,"TAGAGCC"
"1309",1207121,6.16260025485126,67,"TAGAGGC"
"1310",1207208,6.84314970534672,60,"TAGAGGG"
"1311",1207499,6.12330996801985,69,"TAGAGTC"
"1312",1207967,6.41934199644014,67,"TAGATAG"
"1313",1208472,6.00060052831512,8,"TAGATGA"
"1314",1208985,7.15028424073375,51,"TAGATTC"
"1315",1209131,6.21510244393934,9,"TAGATTT"
"1316",1209850,6.0021041139787,70,"TAGCACG"
"1317",1211114,8.08415780485051,18,"TAGCCCA"
"1318",1212091,6.32910105892639,55,"TAGCCTG"
"1319",1213023,6.52300249755326,47,"TAGCGGA"
"1320",1214604,6.17554373047741,30,"TAGCTGC"
"1321",1214758,6.11210057682007,90,"TAGCTGG"
"1322",1214981,6.14064417127113,31,"TAGCTTC"
"1323",1215076,7.16735775409269,32,"TAGCTTG"
"1324",1215659,6.70233809908646,51,"TAGGACA"
"1325",1218115,6.61657315968086,63,"TAGGCTG"
"1326",1218351,6.1761540482263,17,"TAGGGAC"
"1327",1218394,6.28690973412821,60,"TAGGGAC"
"1328",1218471,6.34721100060313,43,"TAGGGAG"
"1329",1218541,6.43834653611212,19,"TAGGGAT"
"1330",1219070,6.91464127272836,78,"TAGGGGA"
"1331",1220647,6.98333411861379,57,"TAGGTGC"
"1332",1220870,6.09805981853501,92,"TAGGTGT"
"1333",1223053,6.90771393745967,19,"TAGTCAT"
"1334",1223592,8.10618411118051,88,"TAGTCGA"
"1335",1224351,6.84314970534672,1,"TAGTGAC"
"1336",1225368,6.04575741097062,78,"TAGTGGT"
"1337",1227386,6.59682006597401,28,"TATAAAC"
"1338",1227498,7.06178999182206,46,"TATAAAG"
"1339",1228956,6.43533288316781,0,"TATACAC"
"1340",1231226,7.15395547895849,14,"TATAGGG"
"1341",1231453,6.12307189066462,53,"TATAGTA"
"1342",1235211,6.42139308841354,51,"TATCCCA"
"1343",1236634,6.34721100060313,64,"TATCGAT"
"1344",1237549,6.17554373047741,39,"TATCGTC"
"1345",1238165,6.11210057682007,91,"TATCTAT"
"1346",1238341,6.01029891033026,79,"TATCTCC"
"1347",1238579,6.90771393745967,35,"TATCTGA"
"1348",1239032,6.1819523398327,18,"TATCTTC"
"1349",1239059,6.53302114458742,45,"TATCTTC"
"1350",1239437,7.16735775409269,47,"TATGAAC"
"1351",1239528,6.59682006597401,44,"TATGAAG"
"1352",1239976,7.08415780485051,22,"TATGACT"
"1353",1240154,6.12358182991498,12,"TATGAGC"
"1354",1240735,8.10618411118051,29,"TATGATT"
"1355",1241772,6.59569102231171,32,"TATGCGG"
"1356",1243770,6.9712155807555,56,"TATGGTT"
"1357",1243882,6.53752342278846,74,"TATGTAA"
"1358",1244859,6.11046077245105,17,"TATGTGT"
"1359",1245808,6.30792079757698,26,"TATTACC"
"1360",1247920,6.58549525520582,70,"TATTCGT"
"1361",1249874,6.30728064808739,50,"TATTTAA"
"1362",1250579,6.01029891033026,3,"TATTTGA"
"1363",1250883,6.00776391700534,25,"TATTTGT"
"1364",1251162,6.02387532829442,22,"TATTTTG"
"1365",1251529,6.47685215260607,13,"TCAAAAG"
"1366",1253450,6.69934635318255,54,"TCAACCG"
"1367",1254443,6.24967198997021,13,"TCAAGAC"
"1368",1254887,7.5746214967062,81,"TCAAGCC"
"1369",1254963,7.16735775409269,63,"TCAAGCG"
"1370",1255328,6.05931120434566,52,"TCAAGGG"
"1371",1255794,6.49973031580023,48,"TCAAGTT"
"1372",1255912,6.9712155807555,72,"TCAATAA"
"1373",1256360,6.53752342278846,50,"TCAATCC"
"1374",1257119,7.08415780485051,57,"TCAATTC"
"1375",1260154,8.27377835077593,84,"TCACCTC"
"1376",1260266,6.82997431659899,8,"TCACCTT"
"1377",1261864,6.16183749155421,8,"TCACTAA"
"1378",1263942,6.30728064808739,18,"TCAGACG"
"1379",1264062,6.9343361283022,44,"TCAGACT"
"1380",1264426,6.06174756613209,32,"TCAGAGT"
"1381",1264566,6.1761540482263,78,"TCAGATA"
"1382",1267546,6.38001913851969,50,"TCAGGTA"
"1383",1267612,7.02200574268765,22,"TCAGGTC"
"1384",1267913,6.74669173634498,41,"TCAGTAA"
"1385",1270561,6.12233414747443,57,"TCATATA"
"1386",1271712,6.41990091960213,80,"TCATCGA"
"1387",1272178,6.24141832020883,76,"TCATCTC"
"1388",1272296,8.27377835077593,6,"TCATCTT"
"1389",1272509,6.58549525520582,31,"TCATGAC"
"1390",1272744,6.82997431659899,78,"TCATGAT"
"1391",1273503,6.53752342278846,85,"TCATGGT"
"1392",1274520,6.31203747630807,68,"TCATTCG"
"1393",1275910,6.65142194419811,48,"TCCAACC"
"1394",1276538,7.2342499865893,18,"TCCAATA"
"1395",1279134,6.77768358056924,76,"TCCAGCT"
"1396",1279466,6.21284916801206,32,"TCCAGGT"
"1397",1280605,6.50773574089995,43,"TCCATCT"
"1398",1283651,6.35826116408947,81,"TCCCCCT"
"1399",1285494,6.1279124957536,44,"TCCCGGT"
"1400",1285742,6.99130894546473,10,"TCCCGTG"
"1401",1286168,6.65142194419811,60,"TCCCTAG"
"1402",1286945,6.18088632982955,85,"TCCCTGG"
"1403",1287445,6.30728064808739,21,"TCCGAAA"
"1404",1287925,6.9343361283022,31,"TCCGACC"
"1405",1288096,7.73068845688429,14,"TCCGACT"
"1406",1288562,6.45163602759918,10,"TCCGATA"
"1407",1288680,7.22275434775147,34,"TCCGATC"
"1408",1288947,6.58549525520582,19,"TCCGCAA"
"1409",1289382,6.67759365514712,78,"TCCGCCA"
"1410",1289887,6.82997431659899,19,"TCCGCGG"
"1411",1289941,6.15823214022904,73,"TCCGCGG"
"1412",1290904,6.5505495630078,2,"TCCGGCC"
"1413",1292922,6.73270349405578,46,"TCCGTGG"
"1414",1294431,6.66176388841957,51,"TCCTAGG"
"1415",1296989,6.72133121399924,71,"TCCTGCC"
"1416",1299064,6.67534030638372,78,"TCCTTGT"
"1417",1300391,6.63351518575977,89,"TCGAAGC"
"1418",1300747,6.16308109282215,69,"TCGAATC"
"1419",1301457,6.51367011055449,27,"TCGACCC"
"1420",1302144,7.19876062751925,56,"TCGACTA"
"1421",1304480,6.68524548612312,42,"TCGATCC"
"1422",1304946,6.73891797967965,38,"TCGATGG"
"1423",1305064,6.73270349405578,62,"TCGATGT"
"1424",1305548,6.05818216068337,76,"TCGCAAA"
"1425",1305690,6.06084607456701,30,"TCGCAAG"
"1426",1307288,6.70666876492508,30,"TCGCCAT"
"1427",1309109,6.39089289701931,65,"TCGCGCG"
"1428",1309306,7.02515438786631,74,"TCGCGGA"
"1429",1310998,6.48271768866604,74,"TCGCTGG"
"1430",1311099,7.07208796194582,81,"TCGCTGT"
"1431",1313373,6.83578993858415,5,"TCGGCCA"
"1432",1314987,6.22621301714622,21,"TCGGGCC"
"1433",1316698,6.62794665196328,40,"TCGGTCT"
"1434",1318528,6.14773662449478,84,"TCGTAGG"
"1435",1318554,6.63351518575977,16,"TCGTAGT"
"1436",1318635,6.25161455070208,3,"TCGTATA"
"1437",1320392,6.18123123611368,68,"TCGTCTG"
"1438",1320659,6.92840175864765,53,"TCGTGAC"
"1439",1320864,6.21131429779071,70,"TCGTGAT"
"1440",1321330,6.49973031580023,66,"TCGTGGA"
"1441",1321448,7.02515438786631,90,"TCGTGGC"
"1442",1322305,6.14719071558981,7,"TCGTTAT"
"1443",1322798,6.32278363290817,30,"TCGTTGA"
"1444",1322819,6.30792079757698,51,"TCGTTGA"
"1445",1325568,6.46049066236028,74,"TCTACCC"
"1446",1325690,6.03832977661404,8,"TCTACCT"
"1447",1327382,6.72713641633249,8,"TCTAGGC"
"1448",1328213,6.48271768866604,87,"TCTATAC"
"1449",1328618,7.68793405096085,22,"TCTATCG"
"1450",1333159,6.31158709087241,51,"TCTCGCG"
"1451",1334089,6.52300249755326,41,"TCTCTAA"
"1452",1334629,6.01210056294825,17,"TCTCTCG"
"1453",1337248,6.47434870362451,4,"TCTGCAG"
"1454",1337341,6.57733350624092,3,"TCTGCAT"
"1455",1337713,6.23854910808456,93,"TCTGCCG"
"1456",1337832,6.03832977661404,24,"TCTGCGA"
"1457",1340675,6.14719071558981,47,"TCTGTCG"
"1458",1342053,6.01766909674474,15,"TCTTACC"
"1459",1342074,6.01185756525285,36,"TCTTACC"
"1460",1342186,6.69114661190167,54,"TCTTACG"
"1461",1342378,6.23171499326437,58,"TCTTAGA"
"1462",1342646,6.51796370417549,44,"TCTTAGT"
"1463",1342730,6.50310086884431,34,"TCTTATA"
"1464",1343163,6.16199107309114,91,"TCTTCAA"
"1465",1344597,6.70827738908118,21,"TCTTGAA"
"1466",1345002,6.18370282235255,50,"TCTTGCA"
"1467",1347922,6.28564933028157,56,"TGAAAAT"
"1468",1348617,6.26403355947045,93,"TGAAAGG"
"1469",1349187,6.24042467379561,5,"TGAACAC"
"1470",1349543,8.10860006870855,79,"TGAACCA"
"1471",1351167,6.35187734127501,11,"TGAAGCG"
"1472",1351322,6.27506121484729,72,"TGAAGCT"
"1473",1351667,6.59952925235512,41,"TGAAGGT"
"1474",1351743,6.01400280344932,23,"TGAAGTA"
"1475",1352227,6.00155768545566,37,"TGAATAC"
"1476",1354129,6.13451194062538,59,"TGACACC"
"1477",1354216,6.01185756525285,52,"TGACACG"
"1478",1354479,6.27600085669244,33,"TGACAGC"
"1479",1354664,6.69114661190167,30,"TGACAGT"
"1480",1355429,6.36845739458271,43,"TGACCAT"
"1481",1356440,6.2792475411904,20,"TGACCTG"
"1482",1356504,6.44854230321801,84,"TGACCTG"
"1483",1356840,6.50310086884431,44,"TGACGAG"
"1484",1358570,6.8946800059868,82,"TGACTCA"
"1485",1362214,6.27079832283913,60,"TGAGCGT"
"1486",1362525,6.39609038507104,89,"TGAGCTG"
"1487",1362784,6.44854230321801,66,"TGAGGAC"
"1488",1364003,6.06885348820312,63,"TGAGGTG"
"1489",1364126,7.24635904345016,92,"TGAGGTT"
"1490",1364308,6.38790115111541,86,"TGAGTAC"
"1491",1365927,6.63351518575977,13,"TGATAAT"
"1492",1366283,6.04524460252829,87,"TGATACG"
"1493",1367062,6.07142748632015,20,"TGATATT"
"1494",1367706,8.10860006870855,6,"TGATCCG"
"1495",1370482,6.32388048040081,56,"TGATTAT"
"1496",1371048,6.8946800059868,58,"TGATTGC"
"1497",1371807,6.70564618159678,65,"TGCAAAC"
"1498",1374203,6.15669727000768,17,"TGCACGT"
"1499",1375398,6.15823214022904,84,"TGCAGCT"
"1500",1376203,6.39883217612023,43,"TGCATAA"
"1501",1376885,6.64100532825277,67,"TGCATCT"
"1502",1384090,6.5746214967062,34,"TGCGACA"
"1503",1384425,6.2634864492244,87,"TGCGACT"
"1504",1385621,6.27079832283913,61,"TGCGCCA"
"1505",1386866,6.67751743501551,84,"TGCGGAC"
"1506",1387073,6.06463422071564,9,"TGCGGCA"
"1507",1387610,6.15395547895849,76,"TGCGGGC"
"1508",1387903,6.85901255385983,87,"TGCGGTA"
"1509",1388191,6.90728004276643,93,"TGCGGTT"
"1510",1388630,6.04394674989805,62,"TGCGTCA"
"1511",1389208,6.35986600139869,76,"TGCGTGG"
"1512",1391205,7.50309592391498,5,"TGCTCAA"
"1513",1391226,6.88632668316899,26,"TGCTCAA"
"1514",1391782,6.5505495630078,18,"TGCTCCG"
"1515",1392426,7.11484236786926,4,"TGCTCTC"
"1516",1392984,6.01593237372845,92,"TGCTGAG"
"1517",1395153,6.66176388841957,5,"TGCTTGG"
"1518",1395293,6.52300249755326,51,"TGCTTGT"
"1519",1397330,6.55344123535679,20,"TGGACAC"
"1520",1398067,6.17069477351809,5,"TGGACGC"
"1521",1401379,6.089020526706,27,"TGGATTA"
"1522",1402312,6.14000857338716,20,"TGGCACG"
"1523",1403250,6.32388048040081,18,"TGGCCAA"
"1524",1403281,7.61993876779562,49,"TGGCCAA"
"1525",1403368,6.91518154584118,42,"TGGCCAC"
"1526",1405592,6.80208833000376,10,"TGGCGGC"
"1527",1406458,7.04392428967333,30,"TGGCTAG"
"1528",1407610,7.08986007725412,54,"TGGCTTG"
"1529",1407676,6.07056804532754,26,"TGGCTTT"
"1530",1407722,6.01598630220893,72,"TGGCTTT"
"1531",1408166,7.84753130076493,46,"TGGGACA"
"1532",1408699,6.30638098242631,15,"TGGGAGG"
"1533",1408810,6.09229979921817,32,"TGGGAGT"
"1534",1408930,6.2634864492244,58,"TGGGATA"
"1535",1410397,6.04394674989805,21,"TGGGCTA"
"1536",1410538,6.18370282235255,68,"TGGGCTC"
"1537",1411231,6.09781682083961,9,"TGGGGCC"
"1538",1411398,6.55344123535679,82,"TGGGGCG"
"1539",1411677,6.95314688922231,79,"TGGGGGC"
"1540",1415144,7.04392428967333,68,"TGGTATG"
"1541",1417558,6.08182448312148,38,"TGGTGGA"
"1542",1418820,7.10289400872699,78,"TGGTTCC"
"1543",1419074,7.26726803321314,50,"TGGTTGA"
"1544",1419168,6.36331739123576,50,"TGGTTGC"
"1545",1419634,6.9613104010161,46,"TGGTTTG"
"1546",1419665,6.07561825157181,77,"TGGTTTG"
"1547",1419739,6.00393229034667,57,"TGGTTTT"
"1548",1419752,7.07714902550457,70,"TGGTTTT"
"1549",1421976,7.96558706228664,38,"TGTACCT"
"1550",1422842,6.06438839223304,58,"TGTAGAA"
"1551",1423366,6.69235220825299,18,"TGTAGCG"
"1552",1424106,7.03906991532198,6,"TGTAGTG"
"1553",1424550,6.83630404534167,74,"TGTATAG"
"1554",1424898,6.18349623105299,46,"TGTATCG"
"1555",1425029,6.01487382267675,83,"TGTATCT"
"1556",1428061,8.10796499827441,13,"TGTCCGA"
"1557",1429835,6.38627554025907,1,"TGTCGGT"
"1558",1429842,6.03039227503949,8,"TGTCGGT"
"1559",1431107,6.3296920118927,51,"TGTCTGA"
"1560",1431463,6.60436884010025,31,"TGTCTTA"
"1561",1431821,6.65142194419811,13,"TGTGAAA"
"1562",1432837,6.84660201546543,89,"TGTGAGG"
"1563",1433501,6.4280782006583,1,"TGTGCAG"
"1564",1433624,6.69235220825299,30,"TGTGCAT"
"1565",1434901,6.49572573750051,85,"TGTGGAA"
"1566",1435080,6.42380153938776,76,"TGTGGAG"
"1567",1435552,6.53964016387623,78,"TGTGGCT"
"1568",1436018,7.32388048040081,74,"TGTGGTA"
"1569",1436584,7.02757427648415,76,"TGTGTAG"
"1570",1437343,6.03906991532198,83,"TGTGTGG"
"1571",1438360,7.00622904678399,66,"TGTTACC"
"1572",1439750,6.91618516394865,46,"TGTTCCA"
"1573",1440274,6.55305973140944,6,"TGTTCGG"
"1574",1440934,6.31203747630807,8,"TGTTGAC"
"1575",1441887,6.69235220825299,21,"TGTTGGT"
"1576",1442070,6.16078959377868,16,"TGTTGTC"
"1577",1442136,6.04394674989805,82,"TGTTGTC"
"1578",1442378,6.37377048128005,42,"TGTTTAA"
"1579",1443114,6.38627554025907,26,"TGTTTGA"
"1580",1444134,6.27079832283913,12,"TTAAAAT"
"1581",1444445,7.15281923405867,41,"TTAAACG"
"1582",1446993,6.04531237635875,51,"TTAAGAC"
"1583",1448203,6.13451194062538,39,"TTAAGTG"
"1584",1449600,6.01484235399744,26,"TTAATTC"
"1585",1449626,6.5746214967062,52,"TTAATTC"
"1586",1450008,6.92479829425336,58,"TTACAAC"
"1587",1451059,6.46658381715225,75,"TTACATA"
"1588",1451464,6.77295110301014,10,"TTACCAC"
"1589",1452104,6.55305973140944,86,"TTACCCT"
"1590",1452402,8.60791196752964,8,"TTACCGT"
"1591",1453727,7.03906991532198,17,"TTACGGC"
"1592",1454744,6.4801602351164,0,"TTACTAT"
"1593",1455122,6.85694395968689,2,"TTACTGA"
"1594",1456762,6.18770740065227,44,"TTAGAGC"
"1595",1457170,6.02839501138371,76,"TTAGATC"
"1596",1457318,6.57777103174282,36,"TTAGATT"
"1597",1458271,6.93336030775679,49,"TTAGCGC"
"1598",1458454,6.13277521760909,44,"TTAGCGT"
"1599",1458555,7.1130182260007,51,"TTAGCTA"
"1600",1459285,6.18827033020079,29,"TTAGGCA"
"1601",1459690,6.09255493429435,58,"TTAGGGA"
"1602",1460518,6.97123804098022,40,"TTAGTAC"
"1603",1460829,6.6113583719741,69,"TTAGTCA"
"1604",1462342,7.59990122803638,78,"TTATACA"
"1605",1462473,6.05618613485837,21,"TTATACG"
"1606",1463464,6.26943269637843,72,"TTATCAA"
"1607",1463554,6.16078959377868,68,"TTATCAC"
"1608",1464093,6.31125781700238,43,"TTATCCT"
"1609",1464231,6.34721100060313,87,"TTATCGA"
"1610",1466653,6.13239371366173,65,"TTATTAG"
"1611",1467541,6.27079832283913,13,"TTATTTA"
"1612",1467848,8.0704031059013,38,"TTATTTT"
"1613",1468350,6.34881782154065,70,"TTCAACA"
"1614",1468786,7.56899297823734,36,"TTCAAGC"
"1615",1468904,6.18770740065227,60,"TTCAAGG"
"1616",1470534,6.75002875577038,92,"TTCACGT"
"1617",1471128,6.73112180864962,28,"TTCAGAG"
"1618",1473146,7.24565474986155,72,"TTCATCT"
"1619",1474838,8.54249891699146,72,"TTCCAGC"
"1620",1474939,7.34546431200107,79,"TTCCAGG"
"1621",1475669,6.10420606541231,57,"TTCCCAG"
"1622",1475699,6.13239371366173,87,"TTCCCAG"
"1623",1475850,6.26516980437027,50,"TTCCCCA"
"1624",1476074,7.72886431501573,86,"TTCCCCG"
"1625",1477213,6.89566139456155,3,"TTCCGAT"
"1626",1479250,6.49572573750051,66,"TTCCTGA"
"1627",1479326,6.26943269637843,48,"TTCCTGC"
"1628",1480477,7.61081809886129,71,"TTCGACC"
"1629",1480615,6.51322095204206,21,"TTCGACT"
"1630",1482394,6.31158709087241,14,"TTCGCGG"
"1631",1482486,6.27219327734644,12,"TTCGCGT"
"1632",1483925,6.97123804098022,41,"TTCGGGG"
"1633",1484232,7.02016880338116,66,"TTCGGTC"
"1634",1485170,7.04472640920374,64,"TTCGTCT"
"1635",1485201,6.07561825157181,1,"TTCGTGA"
"1636",1485288,7.2342499865893,88,"TTCGTGA"
"1637",1487512,6.15823214022904,56,"TTCTCAA"
"1638",1489530,6.01185756525285,6,"TTCTGCG"
"1639",1492053,8.54781271688793,85,"TTGAAAA"
"1640",1492458,7.9613104010161,20,"TTGAACC"
"1641",1493318,6.52487208316002,34,"TTGAATG"
"1642",1493597,6.27507498410967,31,"TTGACAC"
"1643",1493623,6.07425262511111,57,"TTGACAC"
"1644",1495499,6.53810938994347,53,"TTGAGCC"
"1645",1495634,7.20294398827266,0,"TTGAGCG"
"1646",1496101,6.26516980437027,91,"TTGAGGT"
"1647",1496861,6.59950278563345,5,"TTGATCA"
"1648",1496999,8.13940611548973,49,"TTGATCC"
"1649",1498228,6.88935642138888,56,"TTGCAAG"
"1650",1498778,6.44909061462234,42,"TTGCAGA"
"1651",1500616,6.50721754757539,0,"TTGCCGT"
"1652",1500647,6.199112361614,31,"TTGCCTA"
"1653",1501088,6.68524548612312,2,"TTGCGAC"
"1654",1501554,7.36340884458745,92,"TTGCGCC"
"1655",1501672,6.01185756525285,22,"TTGCGCT"
"1656",1502374,6.43990209742779,66,"TTGCGTG"
"1657",1503896,6.19385604995976,84,"TTGCTTG"
"1658",1507606,6.56887433241576,34,"TTGGGCG"
"1659",1507615,6.13239371366173,43,"TTGGGCG"
"1660",1508618,6.33125899482804,12,"TTGGTAC"
"1661",1508842,6.15395547895849,48,"TTGGTAT"
"1662",1509702,7.20294398827266,62,"TTGGTTA"
"1663",1509981,6.32818632056923,59,"TTGGTTT"
"1664",1511762,8.21574731705141,54,"TTGTCAG"
"1665",1511764,7.36587484478541,56,"TTGTCAG"
"1666",1513245,6.07024971749859,33,"TTGTGAG"
"1667",1513383,8.36469842733197,77,"TTGTGAT"
"1668",1515136,6.13614865021957,44,"TTGTTCG"
"1669",1515162,8.13940611548973,70,"TTGTTCG"
"1670",1516821,6.46597839410645,37,"TTTAAGA"
"1671",1517000,6.8258999829591,28,"TTTAAGG"
"1672",1517938,6.37634790029494,26,"TTTACCA"
"1673",1518043,6.49491864285882,37,"TTTACCC"
"1674",1518913,6.1906923542264,61,"TTTACTG"
"1675",1519454,6.23656936761572,38,"TTTAGCA"
"1676",1520079,6.67730253155716,5,"TTTAGGT"
"1677",1520280,6.46566066542128,18,"TTTAGTC"
"1678",1524091,6.04060973047265,69,"TTTCCCC"
"1679",1524821,6.58963289258256,47,"TTTCCTC"
"1680",1524857,6.11744337219576,83,"TTTCCTC"
"1681",1525064,7.53333159063697,8,"TTTCGAA"
"1682",1525069,6.75002875577038,13,"TTTCGAA"
"1683",1525226,6.29691343280054,76,"TTTCGAC"
"1684",1525563,7.2148113931855,37,"TTTCGCC"
"1685",1526365,6.56785673333752,87,"TTTCGTC"
"1686",1528869,6.33125899482804,53,"TTTGAGA"
"1687",1528913,6.04531237635875,3,"TTTGAGC"
"1688",1529629,6.39217781238595,61,"TTTGCAA"
"1689",1529767,6.51322095204206,11,"TTTGCAG"
"1690",1531115,6.31354931604585,43,"TTTGGAA"
"1691",1531546,8.36469842733197,4,"TTTGGCC"
"1692",1533205,7.1478024340802,65,"TTTGTCG"
"1693",1534322,6.32388048040081,54,"TTTTAAG"
"1694",1535297,6.08706972315224,89,"TTTTATA"
"1695",1536664,6.32815714167135,46,"TTTTCGT"
"1696",1537283,6.1906923542264,7,"TTTTGAG"
"1697",1538661,7.5235600264747,69,"TTTTTAA"
"1698",1538748,6.04334657659252,62,"TTTTTAC"
"1699",1539238,6.45101388945688,82,"TTTTTCG"
